model,lens,stage1_label,sample_id,layer,candidate_id,source_pos,source_feature_id,target_effect,rank_effect,score,clean_source_minus_controls,real_source_effect,real_minus_shifted,real_minus_shuffled,real_target_minus_wrong,status,clean_target_rank,mask_condition,position_group,target_minus_wrong,top_k,wrong_effect
gemma,hidden_restore,one_region_dominated,okvqa_val_00893,1,,,,14.9375,17820.0,,,,,,,ok,,answer_mask,visual_span,nan,,
gemma,hidden_restore,one_region_dominated,okvqa_val_00893,1,,,,0.0625,318.0,,,,,,,ok,,answer_mask,answer_adjacent,nan,,
gemma,hidden_restore,one_region_dominated,okvqa_val_00893,1,,,,-2.875,-12135.0,,,,,,,ok,,answer_mask,top_hidden_delta,nan,,
gemma,hidden_restore,one_region_dominated,okvqa_val_00893,1,,,,14.9375,17854.0,,,,,,,ok,,answer_mask,visual+answer,nan,,
gemma,hidden_restore,one_region_dominated,okvqa_val_00893,1,,,,14.9375,17820.0,,,,,,,ok,,union_mask,visual_span,nan,,
gemma,hidden_restore,one_region_dominated,okvqa_val_00893,1,,,,0.0625,318.0,,,,,,,ok,,union_mask,answer_adjacent,nan,,
gemma,hidden_restore,one_region_dominated,okvqa_val_00893,1,,,,-2.875,-12135.0,,,,,,,ok,,union_mask,top_hidden_delta,nan,,
gemma,hidden_restore,one_region_dominated,okvqa_val_00893,1,,,,14.9375,17854.0,,,,,,,ok,,union_mask,visual+answer,nan,,
gemma,hidden_restore,one_region_dominated,okvqa_val_00893,1,,,,21.782470703125,53314.0,,,,,,,ok,,shifted_mask,visual_span,nan,,
gemma,hidden_restore,one_region_dominated,okvqa_val_00893,1,,,,0.141357421875,913.0,,,,,,,ok,,shifted_mask,answer_adjacent,nan,,
gemma,hidden_restore,one_region_dominated,okvqa_val_00893,1,,,,2.188720703125,21777.0,,,,,,,ok,,shifted_mask,top_hidden_delta,nan,,
gemma,hidden_restore,one_region_dominated,okvqa_val_00893,1,,,,22.032470703125,53336.0,,,,,,,ok,,shifted_mask,visual+answer,nan,,
gemma,hidden_restore,one_region_dominated,okvqa_val_00893,1,,,,16.78125,24908.0,,,,,,,ok,,shuffled_mask,visual_span,nan,,
gemma,hidden_restore,one_region_dominated,okvqa_val_00893,1,,,,-0.125,-194.0,,,,,,,ok,,shuffled_mask,answer_adjacent,nan,,
gemma,hidden_restore,one_region_dominated,okvqa_val_00893,1,,,,-4.0625,-18492.0,,,,,,,ok,,shuffled_mask,top_hidden_delta,nan,,
gemma,hidden_restore,one_region_dominated,okvqa_val_00893,1,,,,17.28125,24961.0,,,,,,,ok,,shuffled_mask,visual+answer,nan,,
gemma,hidden_restore,one_region_dominated,okvqa_val_02108,1,,,,-0.8125,-3313.0,,,,,,,ok,,answer_mask,visual_span,nan,,
gemma,hidden_restore,one_region_dominated,okvqa_val_02108,1,,,,-0.5625,-378.0,,,,,,,ok,,answer_mask,answer_adjacent,nan,,
gemma,hidden_restore,one_region_dominated,okvqa_val_02108,1,,,,-3.375,-6782.0,,,,,,,ok,,answer_mask,top_hidden_delta,nan,,
gemma,hidden_restore,one_region_dominated,okvqa_val_02108,1,,,,-0.6875,-3385.0,,,,,,,ok,,answer_mask,visual+answer,nan,,
gemma,hidden_restore,one_region_dominated,okvqa_val_02108,1,,,,-0.8125,-3313.0,,,,,,,ok,,union_mask,visual_span,nan,,
gemma,hidden_restore,one_region_dominated,okvqa_val_02108,1,,,,-0.5625,-378.0,,,,,,,ok,,union_mask,answer_adjacent,nan,,
gemma,hidden_restore,one_region_dominated,okvqa_val_02108,1,,,,-3.375,-6782.0,,,,,,,ok,,union_mask,top_hidden_delta,nan,,
gemma,hidden_restore,one_region_dominated,okvqa_val_02108,1,,,,-0.6875,-3385.0,,,,,,,ok,,union_mask,visual+answer,nan,,
gemma,hidden_restore,one_region_dominated,okvqa_val_02108,1,,,,-6.0,-6984.0,,,,,,,ok,,shifted_mask,visual_span,nan,,
gemma,hidden_restore,one_region_dominated,okvqa_val_02108,1,,,,-0.125,-169.0,,,,,,,ok,,shifted_mask,answer_adjacent,nan,,
gemma,hidden_restore,one_region_dominated,okvqa_val_02108,1,,,,-4.8125,-2856.0,,,,,,,ok,,shifted_mask,top_hidden_delta,nan,,
gemma,hidden_restore,one_region_dominated,okvqa_val_02108,1,,,,-5.875,-6457.0,,,,,,,ok,,shifted_mask,visual+answer,nan,,
gemma,hidden_restore,one_region_dominated,okvqa_val_02108,1,,,,1.875,6340.0,,,,,,,ok,,shuffled_mask,visual_span,nan,,
gemma,hidden_restore,one_region_dominated,okvqa_val_02108,1,,,,-0.125,-280.0,,,,,,,ok,,shuffled_mask,answer_adjacent,nan,,
gemma,hidden_restore,one_region_dominated,okvqa_val_02108,1,,,,-1.1875,-851.0,,,,,,,ok,,shuffled_mask,top_hidden_delta,nan,,
gemma,hidden_restore,one_region_dominated,okvqa_val_02108,1,,,,1.9375,6590.0,,,,,,,ok,,shuffled_mask,visual+answer,nan,,
gemma,hidden_restore,multi_evidence_supported,okvqa_val_1295955,1,,,,5.125,7572.0,,,,,,,ok,,answer_mask,visual_span,nan,,
gemma,hidden_restore,multi_evidence_supported,okvqa_val_1295955,1,,,,0.125,24.0,,,,,,,ok,,answer_mask,answer_adjacent,nan,,
gemma,hidden_restore,multi_evidence_supported,okvqa_val_1295955,1,,,,10.5,9105.0,,,,,,,ok,,answer_mask,top_hidden_delta,nan,,
gemma,hidden_restore,multi_evidence_supported,okvqa_val_1295955,1,,,,4.875,7521.0,,,,,,,ok,,answer_mask,visual+answer,nan,,
gemma,hidden_restore,multi_evidence_supported,okvqa_val_1295955,1,,,,5.125,7572.0,,,,,,,ok,,union_mask,visual_span,nan,,
gemma,hidden_restore,multi_evidence_supported,okvqa_val_1295955,1,,,,0.125,24.0,,,,,,,ok,,union_mask,answer_adjacent,nan,,
gemma,hidden_restore,multi_evidence_supported,okvqa_val_1295955,1,,,,10.5,9105.0,,,,,,,ok,,union_mask,top_hidden_delta,nan,,
gemma,hidden_restore,multi_evidence_supported,okvqa_val_1295955,1,,,,4.875,7521.0,,,,,,,ok,,union_mask,visual+answer,nan,,
gemma,hidden_restore,multi_evidence_supported,okvqa_val_1295955,1,,,,3.75,2409.0,,,,,,,ok,,shifted_mask,visual_span,nan,,
gemma,hidden_restore,multi_evidence_supported,okvqa_val_1295955,1,,,,-0.0625,-154.0,,,,,,,ok,,shifted_mask,answer_adjacent,nan,,
gemma,hidden_restore,multi_evidence_supported,okvqa_val_1295955,1,,,,1.5625,1717.0,,,,,,,ok,,shifted_mask,top_hidden_delta,nan,,
gemma,hidden_restore,multi_evidence_supported,okvqa_val_1295955,1,,,,3.6875,2390.0,,,,,,,ok,,shifted_mask,visual+answer,nan,,
gemma,hidden_restore,multi_evidence_supported,okvqa_val_1295955,1,,,,-2.0625,-647.0,,,,,,,ok,,shuffled_mask,visual_span,nan,,
gemma,hidden_restore,multi_evidence_supported,okvqa_val_1295955,1,,,,-0.3125,-94.0,,,,,,,ok,,shuffled_mask,answer_adjacent,nan,,
gemma,hidden_restore,multi_evidence_supported,okvqa_val_1295955,1,,,,0.6875,476.0,,,,,,,ok,,shuffled_mask,top_hidden_delta,nan,,
gemma,hidden_restore,multi_evidence_supported,okvqa_val_1295955,1,,,,-2.125,-673.0,,,,,,,ok,,shuffled_mask,visual+answer,nan,,
gemma,hidden_restore,one_region_dominated,okvqa_val_258605,1,,,,2.25,319.0,,,,,,,ok,,answer_mask,visual_span,nan,,
gemma,hidden_restore,one_region_dominated,okvqa_val_258605,1,,,,-0.5,-190.0,,,,,,,ok,,answer_mask,answer_adjacent,nan,,
gemma,hidden_restore,one_region_dominated,okvqa_val_258605,1,,,,1.375,28.0,,,,,,,ok,,answer_mask,top_hidden_delta,nan,,
gemma,hidden_restore,one_region_dominated,okvqa_val_258605,1,,,,2.375,340.0,,,,,,,ok,,answer_mask,visual+answer,nan,,
gemma,hidden_restore,one_region_dominated,okvqa_val_258605,1,,,,2.25,319.0,,,,,,,ok,,union_mask,visual_span,nan,,
gemma,hidden_restore,one_region_dominated,okvqa_val_258605,1,,,,-0.5,-190.0,,,,,,,ok,,union_mask,answer_adjacent,nan,,
gemma,hidden_restore,one_region_dominated,okvqa_val_258605,1,,,,1.375,28.0,,,,,,,ok,,union_mask,top_hidden_delta,nan,,
gemma,hidden_restore,one_region_dominated,okvqa_val_258605,1,,,,2.375,340.0,,,,,,,ok,,union_mask,visual+answer,nan,,
gemma,hidden_restore,one_region_dominated,okvqa_val_258605,1,,,,5.6875,2245.0,,,,,,,ok,,shifted_mask,visual_span,nan,,
gemma,hidden_restore,one_region_dominated,okvqa_val_258605,1,,,,0.125,107.0,,,,,,,ok,,shifted_mask,answer_adjacent,nan,,
gemma,hidden_restore,one_region_dominated,okvqa_val_258605,1,,,,5.6875,2181.0,,,,,,,ok,,shifted_mask,top_hidden_delta,nan,,
gemma,hidden_restore,one_region_dominated,okvqa_val_258605,1,,,,5.4375,2198.0,,,,,,,ok,,shifted_mask,visual+answer,nan,,
gemma,hidden_restore,one_region_dominated,okvqa_val_258605,1,,,,2.25,639.0,,,,,,,ok,,shuffled_mask,visual_span,nan,,
gemma,hidden_restore,one_region_dominated,okvqa_val_258605,1,,,,-0.25,-82.0,,,,,,,ok,,shuffled_mask,answer_adjacent,nan,,
gemma,hidden_restore,one_region_dominated,okvqa_val_258605,1,,,,1.125,380.0,,,,,,,ok,,shuffled_mask,top_hidden_delta,nan,,
gemma,hidden_restore,one_region_dominated,okvqa_val_258605,1,,,,1.875,598.0,,,,,,,ok,,shuffled_mask,visual+answer,nan,,
qwen,hidden_restore,multi_evidence_supported,okvqa_val_00310,13,,,,3.375,315.0,,,,,,,ok,,answer_mask,visual_span,nan,,
qwen,hidden_restore,multi_evidence_supported,okvqa_val_00310,13,,,,-0.1875,70.0,,,,,,,ok,,answer_mask,answer_adjacent,nan,,
qwen,hidden_restore,multi_evidence_supported,okvqa_val_00310,13,,,,2.1875,295.0,,,,,,,ok,,answer_mask,top_hidden_delta,nan,,
qwen,hidden_restore,multi_evidence_supported,okvqa_val_00310,13,,,,3.75,328.0,,,,,,,ok,,answer_mask,visual+answer,nan,,
qwen,hidden_restore,multi_evidence_supported,okvqa_val_00310,15,,,,3.8125,329.0,,,,,,,ok,,answer_mask,visual_span,nan,,
qwen,hidden_restore,multi_evidence_supported,okvqa_val_00310,15,,,,-0.84375,99.0,,,,,,,ok,,answer_mask,answer_adjacent,nan,,
qwen,hidden_restore,multi_evidence_supported,okvqa_val_00310,15,,,,1.1875,235.0,,,,,,,ok,,answer_mask,top_hidden_delta,nan,,
qwen,hidden_restore,multi_evidence_supported,okvqa_val_00310,15,,,,3.25,337.0,,,,,,,ok,,answer_mask,visual+answer,nan,,
qwen,hidden_restore,multi_evidence_supported,okvqa_val_00310,17,,,,3.5,320.0,,,,,,,ok,,answer_mask,visual_span,nan,,
qwen,hidden_restore,multi_evidence_supported,okvqa_val_00310,17,,,,0.0,179.0,,,,,,,ok,,answer_mask,answer_adjacent,nan,,
qwen,hidden_restore,multi_evidence_supported,okvqa_val_00310,17,,,,0.125,167.0,,,,,,,ok,,answer_mask,top_hidden_delta,nan,,
qwen,hidden_restore,multi_evidence_supported,okvqa_val_00310,17,,,,3.75,335.0,,,,,,,ok,,answer_mask,visual+answer,nan,,
qwen,hidden_restore,multi_evidence_supported,okvqa_val_00310,13,,,,3.375,315.0,,,,,,,ok,,union_mask,visual_span,nan,,
qwen,hidden_restore,multi_evidence_supported,okvqa_val_00310,13,,,,-0.1875,70.0,,,,,,,ok,,union_mask,answer_adjacent,nan,,
qwen,hidden_restore,multi_evidence_supported,okvqa_val_00310,13,,,,2.1875,295.0,,,,,,,ok,,union_mask,top_hidden_delta,nan,,
qwen,hidden_restore,multi_evidence_supported,okvqa_val_00310,13,,,,3.75,328.0,,,,,,,ok,,union_mask,visual+answer,nan,,
qwen,hidden_restore,multi_evidence_supported,okvqa_val_00310,15,,,,3.8125,329.0,,,,,,,ok,,union_mask,visual_span,nan,,
qwen,hidden_restore,multi_evidence_supported,okvqa_val_00310,15,,,,-0.84375,99.0,,,,,,,ok,,union_mask,answer_adjacent,nan,,
qwen,hidden_restore,multi_evidence_supported,okvqa_val_00310,15,,,,1.1875,235.0,,,,,,,ok,,union_mask,top_hidden_delta,nan,,
qwen,hidden_restore,multi_evidence_supported,okvqa_val_00310,15,,,,3.25,337.0,,,,,,,ok,,union_mask,visual+answer,nan,,
qwen,hidden_restore,multi_evidence_supported,okvqa_val_00310,17,,,,3.5,320.0,,,,,,,ok,,union_mask,visual_span,nan,,
qwen,hidden_restore,multi_evidence_supported,okvqa_val_00310,17,,,,0.0,179.0,,,,,,,ok,,union_mask,answer_adjacent,nan,,
qwen,hidden_restore,multi_evidence_supported,okvqa_val_00310,17,,,,0.125,167.0,,,,,,,ok,,union_mask,top_hidden_delta,nan,,
qwen,hidden_restore,multi_evidence_supported,okvqa_val_00310,17,,,,3.75,335.0,,,,,,,ok,,union_mask,visual+answer,nan,,
qwen,hidden_restore,multi_evidence_supported,okvqa_val_00310,13,,,,1.75,-2.0,,,,,,,ok,,shifted_mask,visual_span,nan,,
qwen,hidden_restore,multi_evidence_supported,okvqa_val_00310,13,,,,1.0625,6.0,,,,,,,ok,,shifted_mask,answer_adjacent,nan,,
qwen,hidden_restore,multi_evidence_supported,okvqa_val_00310,13,,,,-0.0625,-9.0,,,,,,,ok,,shifted_mask,top_hidden_delta,nan,,
qwen,hidden_restore,multi_evidence_supported,okvqa_val_00310,13,,,,1.375,9.0,,,,,,,ok,,shifted_mask,visual+answer,nan,,
qwen,hidden_restore,multi_evidence_supported,okvqa_val_00310,15,,,,2.25,9.0,,,,,,,ok,,shifted_mask,visual_span,nan,,
qwen,hidden_restore,multi_evidence_supported,okvqa_val_00310,15,,,,0.875,3.0,,,,,,,ok,,shifted_mask,answer_adjacent,nan,,
qwen,hidden_restore,multi_evidence_supported,okvqa_val_00310,15,,,,0.5,-7.0,,,,,,,ok,,shifted_mask,top_hidden_delta,nan,,
qwen,hidden_restore,multi_evidence_supported,okvqa_val_00310,15,,,,2.4375,12.0,,,,,,,ok,,shifted_mask,visual+answer,nan,,
qwen,hidden_restore,multi_evidence_supported,okvqa_val_00310,17,,,,1.875,8.0,,,,,,,ok,,shifted_mask,visual_span,nan,,
qwen,hidden_restore,multi_evidence_supported,okvqa_val_00310,17,,,,0.5,6.0,,,,,,,ok,,shifted_mask,answer_adjacent,nan,,
qwen,hidden_restore,multi_evidence_supported,okvqa_val_00310,17,,,,0.0625,-7.0,,,,,,,ok,,shifted_mask,top_hidden_delta,nan,,
qwen,hidden_restore,multi_evidence_supported,okvqa_val_00310,17,,,,1.4375,10.0,,,,,,,ok,,shifted_mask,visual+answer,nan,,
qwen,hidden_restore,multi_evidence_supported,okvqa_val_00310,13,,,,1.8125,-2.0,,,,,,,ok,,shuffled_mask,visual_span,nan,,
qwen,hidden_restore,multi_evidence_supported,okvqa_val_00310,13,,,,0.125,4.0,,,,,,,ok,,shuffled_mask,answer_adjacent,nan,,
qwen,hidden_restore,multi_evidence_supported,okvqa_val_00310,13,,,,0.9375,-1.0,,,,,,,ok,,shuffled_mask,top_hidden_delta,nan,,
qwen,hidden_restore,multi_evidence_supported,okvqa_val_00310,13,,,,1.4375,4.0,,,,,,,ok,,shuffled_mask,visual+answer,nan,,
qwen,hidden_restore,multi_evidence_supported,okvqa_val_00310,15,,,,1.3125,-3.0,,,,,,,ok,,shuffled_mask,visual_span,nan,,
qwen,hidden_restore,multi_evidence_supported,okvqa_val_00310,15,,,,0.5,5.0,,,,,,,ok,,shuffled_mask,answer_adjacent,nan,,
qwen,hidden_restore,multi_evidence_supported,okvqa_val_00310,15,,,,0.1875,-5.0,,,,,,,ok,,shuffled_mask,top_hidden_delta,nan,,
qwen,hidden_restore,multi_evidence_supported,okvqa_val_00310,15,,,,1.9375,4.0,,,,,,,ok,,shuffled_mask,visual+answer,nan,,
qwen,hidden_restore,multi_evidence_supported,okvqa_val_00310,17,,,,0.875,-2.0,,,,,,,ok,,shuffled_mask,visual_span,nan,,
qwen,hidden_restore,multi_evidence_supported,okvqa_val_00310,17,,,,0.75,8.0,,,,,,,ok,,shuffled_mask,answer_adjacent,nan,,
qwen,hidden_restore,multi_evidence_supported,okvqa_val_00310,17,,,,0.5625,-3.0,,,,,,,ok,,shuffled_mask,top_hidden_delta,nan,,
qwen,hidden_restore,multi_evidence_supported,okvqa_val_00310,17,,,,1.4375,4.0,,,,,,,ok,,shuffled_mask,visual+answer,nan,,
qwen,hidden_restore,multi_evidence_supported,okvqa_val_00893,13,,,,1.6875,99.0,,,,,,,ok,,answer_mask,visual_span,nan,,
qwen,hidden_restore,multi_evidence_supported,okvqa_val_00893,13,,,,0.5625,37.0,,,,,,,ok,,answer_mask,answer_adjacent,nan,,
qwen,hidden_restore,multi_evidence_supported,okvqa_val_00893,13,,,,-1.5625,-6.0,,,,,,,ok,,answer_mask,top_hidden_delta,nan,,
qwen,hidden_restore,multi_evidence_supported,okvqa_val_00893,13,,,,2.5,101.0,,,,,,,ok,,answer_mask,visual+answer,nan,,
qwen,hidden_restore,multi_evidence_supported,okvqa_val_00893,15,,,,4.6875,109.0,,,,,,,ok,,answer_mask,visual_span,nan,,
qwen,hidden_restore,multi_evidence_supported,okvqa_val_00893,15,,,,0.375,57.0,,,,,,,ok,,answer_mask,answer_adjacent,nan,,
qwen,hidden_restore,multi_evidence_supported,okvqa_val_00893,15,,,,0.75,42.0,,,,,,,ok,,answer_mask,top_hidden_delta,nan,,
qwen,hidden_restore,multi_evidence_supported,okvqa_val_00893,15,,,,2.0,102.0,,,,,,,ok,,answer_mask,visual+answer,nan,,
qwen,hidden_restore,multi_evidence_supported,okvqa_val_00893,17,,,,4.0625,105.0,,,,,,,ok,,answer_mask,visual_span,nan,,
qwen,hidden_restore,multi_evidence_supported,okvqa_val_00893,17,,,,-0.25,70.0,,,,,,,ok,,answer_mask,answer_adjacent,nan,,
qwen,hidden_restore,multi_evidence_supported,okvqa_val_00893,17,,,,0.875,51.0,,,,,,,ok,,answer_mask,top_hidden_delta,nan,,
qwen,hidden_restore,multi_evidence_supported,okvqa_val_00893,17,,,,2.4375,104.0,,,,,,,ok,,answer_mask,visual+answer,nan,,
qwen,hidden_restore,multi_evidence_supported,okvqa_val_00893,13,,,,1.6875,99.0,,,,,,,ok,,union_mask,visual_span,nan,,
qwen,hidden_restore,multi_evidence_supported,okvqa_val_00893,13,,,,0.5625,37.0,,,,,,,ok,,union_mask,answer_adjacent,nan,,
qwen,hidden_restore,multi_evidence_supported,okvqa_val_00893,13,,,,-1.5625,-6.0,,,,,,,ok,,union_mask,top_hidden_delta,nan,,
qwen,hidden_restore,multi_evidence_supported,okvqa_val_00893,13,,,,2.5,101.0,,,,,,,ok,,union_mask,visual+answer,nan,,
qwen,hidden_restore,multi_evidence_supported,okvqa_val_00893,15,,,,4.6875,109.0,,,,,,,ok,,union_mask,visual_span,nan,,
qwen,hidden_restore,multi_evidence_supported,okvqa_val_00893,15,,,,0.375,57.0,,,,,,,ok,,union_mask,answer_adjacent,nan,,
qwen,hidden_restore,multi_evidence_supported,okvqa_val_00893,15,,,,0.75,42.0,,,,,,,ok,,union_mask,top_hidden_delta,nan,,
qwen,hidden_restore,multi_evidence_supported,okvqa_val_00893,15,,,,2.0,102.0,,,,,,,ok,,union_mask,visual+answer,nan,,
qwen,hidden_restore,multi_evidence_supported,okvqa_val_00893,17,,,,4.0625,105.0,,,,,,,ok,,union_mask,visual_span,nan,,
qwen,hidden_restore,multi_evidence_supported,okvqa_val_00893,17,,,,-0.25,70.0,,,,,,,ok,,union_mask,answer_adjacent,nan,,
qwen,hidden_restore,multi_evidence_supported,okvqa_val_00893,17,,,,0.875,51.0,,,,,,,ok,,union_mask,top_hidden_delta,nan,,
qwen,hidden_restore,multi_evidence_supported,okvqa_val_00893,17,,,,2.4375,104.0,,,,,,,ok,,union_mask,visual+answer,nan,,
qwen,hidden_restore,multi_evidence_supported,okvqa_val_00893,13,,,,1.5,170.0,,,,,,,ok,,shifted_mask,visual_span,nan,,
qwen,hidden_restore,multi_evidence_supported,okvqa_val_00893,13,,,,0.8125,68.0,,,,,,,ok,,shifted_mask,answer_adjacent,nan,,
qwen,hidden_restore,multi_evidence_supported,okvqa_val_00893,13,,,,-1.0625,-22.0,,,,,,,ok,,shifted_mask,top_hidden_delta,nan,,
qwen,hidden_restore,multi_evidence_supported,okvqa_val_00893,13,,,,2.375,174.0,,,,,,,ok,,shifted_mask,visual+answer,nan,,
qwen,hidden_restore,multi_evidence_supported,okvqa_val_00893,15,,,,4.125,185.0,,,,,,,ok,,shifted_mask,visual_span,nan,,
qwen,hidden_restore,multi_evidence_supported,okvqa_val_00893,15,,,,0.21875,62.0,,,,,,,ok,,shifted_mask,answer_adjacent,nan,,
qwen,hidden_restore,multi_evidence_supported,okvqa_val_00893,15,,,,0.53125,78.0,,,,,,,ok,,shifted_mask,top_hidden_delta,nan,,
qwen,hidden_restore,multi_evidence_supported,okvqa_val_00893,15,,,,1.75,170.0,,,,,,,ok,,shifted_mask,visual+answer,nan,,
qwen,hidden_restore,multi_evidence_supported,okvqa_val_00893,17,,,,3.3125,184.0,,,,,,,ok,,shifted_mask,visual_span,nan,,
qwen,hidden_restore,multi_evidence_supported,okvqa_val_00893,17,,,,-0.375,107.0,,,,,,,ok,,shifted_mask,answer_adjacent,nan,,
qwen,hidden_restore,multi_evidence_supported,okvqa_val_00893,17,,,,-0.1875,21.0,,,,,,,ok,,shifted_mask,top_hidden_delta,nan,,
qwen,hidden_restore,multi_evidence_supported,okvqa_val_00893,17,,,,2.3125,179.0,,,,,,,ok,,shifted_mask,visual+answer,nan,,
qwen,hidden_restore,multi_evidence_supported,okvqa_val_00893,13,,,,-0.875,-4.0,,,,,,,ok,,shuffled_mask,visual_span,nan,,
qwen,hidden_restore,multi_evidence_supported,okvqa_val_00893,13,,,,-0.75,0.0,,,,,,,ok,,shuffled_mask,answer_adjacent,nan,,
qwen,hidden_restore,multi_evidence_supported,okvqa_val_00893,13,,,,-1.8125,-9.0,,,,,,,ok,,shuffled_mask,top_hidden_delta,nan,,
qwen,hidden_restore,multi_evidence_supported,okvqa_val_00893,13,,,,-1.5625,-5.0,,,,,,,ok,,shuffled_mask,visual+answer,nan,,
qwen,hidden_restore,multi_evidence_supported,okvqa_val_00893,15,,,,0.4375,-1.0,,,,,,,ok,,shuffled_mask,visual_span,nan,,
qwen,hidden_restore,multi_evidence_supported,okvqa_val_00893,15,,,,-1.625,-4.0,,,,,,,ok,,shuffled_mask,answer_adjacent,nan,,
qwen,hidden_restore,multi_evidence_supported,okvqa_val_00893,15,,,,0.5625,-2.0,,,,,,,ok,,shuffled_mask,top_hidden_delta,nan,,
qwen,hidden_restore,multi_evidence_supported,okvqa_val_00893,15,,,,-2.1875,-8.0,,,,,,,ok,,shuffled_mask,visual+answer,nan,,
qwen,hidden_restore,multi_evidence_supported,okvqa_val_00893,17,,,,0.5,-1.0,,,,,,,ok,,shuffled_mask,visual_span,nan,,
qwen,hidden_restore,multi_evidence_supported,okvqa_val_00893,17,,,,-2.3125,-5.0,,,,,,,ok,,shuffled_mask,answer_adjacent,nan,,
qwen,hidden_restore,multi_evidence_supported,okvqa_val_00893,17,,,,0.0625,-2.0,,,,,,,ok,,shuffled_mask,top_hidden_delta,nan,,
qwen,hidden_restore,multi_evidence_supported,okvqa_val_00893,17,,,,-1.625,-5.0,,,,,,,ok,,shuffled_mask,visual+answer,nan,,
qwen,hidden_restore,one_region_dominated,okvqa_val_02108,13,,,,-2.1875,-5.0,,,,,,,ok,,answer_mask,visual_span,nan,,
qwen,hidden_restore,one_region_dominated,okvqa_val_02108,13,,,,-1.0,-6.0,,,,,,,ok,,answer_mask,answer_adjacent,nan,,
qwen,hidden_restore,one_region_dominated,okvqa_val_02108,13,,,,-2.0625,-7.0,,,,,,,ok,,answer_mask,top_hidden_delta,nan,,
qwen,hidden_restore,one_region_dominated,okvqa_val_02108,13,,,,-3.03125,-13.0,,,,,,,ok,,answer_mask,visual+answer,nan,,
qwen,hidden_restore,one_region_dominated,okvqa_val_02108,15,,,,-2.65625,-10.0,,,,,,,ok,,answer_mask,visual_span,nan,,
qwen,hidden_restore,one_region_dominated,okvqa_val_02108,15,,,,-1.125,-5.0,,,,,,,ok,,answer_mask,answer_adjacent,nan,,
qwen,hidden_restore,one_region_dominated,okvqa_val_02108,15,,,,-1.5625,-5.0,,,,,,,ok,,answer_mask,top_hidden_delta,nan,,
qwen,hidden_restore,one_region_dominated,okvqa_val_02108,15,,,,-3.96875,-30.0,,,,,,,ok,,answer_mask,visual+answer,nan,,
qwen,hidden_restore,one_region_dominated,okvqa_val_02108,17,,,,-2.90625,-14.0,,,,,,,ok,,answer_mask,visual_span,nan,,
qwen,hidden_restore,one_region_dominated,okvqa_val_02108,17,,,,-0.5,-2.0,,,,,,,ok,,answer_mask,answer_adjacent,nan,,
qwen,hidden_restore,one_region_dominated,okvqa_val_02108,17,,,,-1.25,-2.0,,,,,,,ok,,answer_mask,top_hidden_delta,nan,,
qwen,hidden_restore,one_region_dominated,okvqa_val_02108,17,,,,-3.0625,-9.0,,,,,,,ok,,answer_mask,visual+answer,nan,,
qwen,hidden_restore,one_region_dominated,okvqa_val_02108,13,,,,-2.1875,-5.0,,,,,,,ok,,union_mask,visual_span,nan,,
qwen,hidden_restore,one_region_dominated,okvqa_val_02108,13,,,,-1.0,-6.0,,,,,,,ok,,union_mask,answer_adjacent,nan,,
qwen,hidden_restore,one_region_dominated,okvqa_val_02108,13,,,,-2.0625,-7.0,,,,,,,ok,,union_mask,top_hidden_delta,nan,,
qwen,hidden_restore,one_region_dominated,okvqa_val_02108,13,,,,-3.03125,-13.0,,,,,,,ok,,union_mask,visual+answer,nan,,
qwen,hidden_restore,one_region_dominated,okvqa_val_02108,15,,,,-2.65625,-10.0,,,,,,,ok,,union_mask,visual_span,nan,,
qwen,hidden_restore,one_region_dominated,okvqa_val_02108,15,,,,-1.125,-5.0,,,,,,,ok,,union_mask,answer_adjacent,nan,,
qwen,hidden_restore,one_region_dominated,okvqa_val_02108,15,,,,-1.5625,-5.0,,,,,,,ok,,union_mask,top_hidden_delta,nan,,
qwen,hidden_restore,one_region_dominated,okvqa_val_02108,15,,,,-3.96875,-30.0,,,,,,,ok,,union_mask,visual+answer,nan,,
qwen,hidden_restore,one_region_dominated,okvqa_val_02108,17,,,,-2.90625,-14.0,,,,,,,ok,,union_mask,visual_span,nan,,
qwen,hidden_restore,one_region_dominated,okvqa_val_02108,17,,,,-0.5,-2.0,,,,,,,ok,,union_mask,answer_adjacent,nan,,
qwen,hidden_restore,one_region_dominated,okvqa_val_02108,17,,,,-1.25,-2.0,,,,,,,ok,,union_mask,top_hidden_delta,nan,,
qwen,hidden_restore,one_region_dominated,okvqa_val_02108,17,,,,-3.0625,-9.0,,,,,,,ok,,union_mask,visual+answer,nan,,
qwen,hidden_restore,one_region_dominated,okvqa_val_02108,13,,,,-0.8125,-1.0,,,,,,,ok,,shifted_mask,visual_span,nan,,
qwen,hidden_restore,one_region_dominated,okvqa_val_02108,13,,,,-0.875,-3.0,,,,,,,ok,,shifted_mask,answer_adjacent,nan,,
qwen,hidden_restore,one_region_dominated,okvqa_val_02108,13,,,,-0.0625,0.0,,,,,,,ok,,shifted_mask,top_hidden_delta,nan,,
qwen,hidden_restore,one_region_dominated,okvqa_val_02108,13,,,,-1.125,-5.0,,,,,,,ok,,shifted_mask,visual+answer,nan,,
qwen,hidden_restore,one_region_dominated,okvqa_val_02108,15,,,,-1.125,-1.0,,,,,,,ok,,shifted_mask,visual_span,nan,,
qwen,hidden_restore,one_region_dominated,okvqa_val_02108,15,,,,-0.875,-3.0,,,,,,,ok,,shifted_mask,answer_adjacent,nan,,
qwen,hidden_restore,one_region_dominated,okvqa_val_02108,15,,,,0.0625,1.0,,,,,,,ok,,shifted_mask,top_hidden_delta,nan,,
qwen,hidden_restore,one_region_dominated,okvqa_val_02108,15,,,,-1.5625,-5.0,,,,,,,ok,,shifted_mask,visual+answer,nan,,
qwen,hidden_restore,one_region_dominated,okvqa_val_02108,17,,,,-0.875,-3.0,,,,,,,ok,,shifted_mask,visual_span,nan,,
qwen,hidden_restore,one_region_dominated,okvqa_val_02108,17,,,,-0.875,-3.0,,,,,,,ok,,shifted_mask,answer_adjacent,nan,,
qwen,hidden_restore,one_region_dominated,okvqa_val_02108,17,,,,0.0,1.0,,,,,,,ok,,shifted_mask,top_hidden_delta,nan,,
qwen,hidden_restore,one_region_dominated,okvqa_val_02108,17,,,,-1.75,-5.0,,,,,,,ok,,shifted_mask,visual+answer,nan,,
qwen,hidden_restore,one_region_dominated,okvqa_val_02108,13,,,,0.1875,-3.0,,,,,,,ok,,shuffled_mask,visual_span,nan,,
qwen,hidden_restore,one_region_dominated,okvqa_val_02108,13,,,,-0.1875,-1.0,,,,,,,ok,,shuffled_mask,answer_adjacent,nan,,
qwen,hidden_restore,one_region_dominated,okvqa_val_02108,13,,,,-0.3125,-2.0,,,,,,,ok,,shuffled_mask,top_hidden_delta,nan,,
qwen,hidden_restore,one_region_dominated,okvqa_val_02108,13,,,,-0.3125,-3.0,,,,,,,ok,,shuffled_mask,visual+answer,nan,,
qwen,hidden_restore,one_region_dominated,okvqa_val_02108,15,,,,-0.125,-4.0,,,,,,,ok,,shuffled_mask,visual_span,nan,,
qwen,hidden_restore,one_region_dominated,okvqa_val_02108,15,,,,-0.375,-1.0,,,,,,,ok,,shuffled_mask,answer_adjacent,nan,,
qwen,hidden_restore,one_region_dominated,okvqa_val_02108,15,,,,0.0,0.0,,,,,,,ok,,shuffled_mask,top_hidden_delta,nan,,
qwen,hidden_restore,one_region_dominated,okvqa_val_02108,15,,,,-0.875,-3.0,,,,,,,ok,,shuffled_mask,visual+answer,nan,,
qwen,hidden_restore,one_region_dominated,okvqa_val_02108,17,,,,-0.3125,-3.0,,,,,,,ok,,shuffled_mask,visual_span,nan,,
qwen,hidden_restore,one_region_dominated,okvqa_val_02108,17,,,,-0.3125,-1.0,,,,,,,ok,,shuffled_mask,answer_adjacent,nan,,
qwen,hidden_restore,one_region_dominated,okvqa_val_02108,17,,,,0.25,0.0,,,,,,,ok,,shuffled_mask,top_hidden_delta,nan,,
qwen,hidden_restore,one_region_dominated,okvqa_val_02108,17,,,,-1.0625,-4.0,,,,,,,ok,,shuffled_mask,visual+answer,nan,,
qwen,hidden_restore,one_region_dominated,okvqa_val_1295955,13,,,,2.0,24.0,,,,,,,ok,,answer_mask,visual_span,nan,,
qwen,hidden_restore,one_region_dominated,okvqa_val_1295955,13,,,,0.6875,3.0,,,,,,,ok,,answer_mask,answer_adjacent,nan,,
qwen,hidden_restore,one_region_dominated,okvqa_val_1295955,13,,,,1.6875,22.0,,,,,,,ok,,answer_mask,top_hidden_delta,nan,,
qwen,hidden_restore,one_region_dominated,okvqa_val_1295955,13,,,,2.0625,24.0,,,,,,,ok,,answer_mask,visual+answer,nan,,
qwen,hidden_restore,one_region_dominated,okvqa_val_1295955,15,,,,1.875,24.0,,,,,,,ok,,answer_mask,visual_span,nan,,
qwen,hidden_restore,one_region_dominated,okvqa_val_1295955,15,,,,0.4375,3.0,,,,,,,ok,,answer_mask,answer_adjacent,nan,,
qwen,hidden_restore,one_region_dominated,okvqa_val_1295955,15,,,,1.6875,14.0,,,,,,,ok,,answer_mask,top_hidden_delta,nan,,
qwen,hidden_restore,one_region_dominated,okvqa_val_1295955,15,,,,2.125,24.0,,,,,,,ok,,answer_mask,visual+answer,nan,,
qwen,hidden_restore,one_region_dominated,okvqa_val_1295955,17,,,,2.0625,20.0,,,,,,,ok,,answer_mask,visual_span,nan,,
qwen,hidden_restore,one_region_dominated,okvqa_val_1295955,17,,,,-0.875,-5.0,,,,,,,ok,,answer_mask,answer_adjacent,nan,,
qwen,hidden_restore,one_region_dominated,okvqa_val_1295955,17,,,,1.375,14.0,,,,,,,ok,,answer_mask,top_hidden_delta,nan,,
qwen,hidden_restore,one_region_dominated,okvqa_val_1295955,17,,,,1.25,19.0,,,,,,,ok,,answer_mask,visual+answer,nan,,
qwen,hidden_restore,one_region_dominated,okvqa_val_1295955,13,,,,2.0,24.0,,,,,,,ok,,union_mask,visual_span,nan,,
qwen,hidden_restore,one_region_dominated,okvqa_val_1295955,13,,,,0.6875,3.0,,,,,,,ok,,union_mask,answer_adjacent,nan,,
qwen,hidden_restore,one_region_dominated,okvqa_val_1295955,13,,,,1.6875,22.0,,,,,,,ok,,union_mask,top_hidden_delta,nan,,
qwen,hidden_restore,one_region_dominated,okvqa_val_1295955,13,,,,2.0625,24.0,,,,,,,ok,,union_mask,visual+answer,nan,,
qwen,hidden_restore,one_region_dominated,okvqa_val_1295955,15,,,,1.875,24.0,,,,,,,ok,,union_mask,visual_span,nan,,
qwen,hidden_restore,one_region_dominated,okvqa_val_1295955,15,,,,0.4375,3.0,,,,,,,ok,,union_mask,answer_adjacent,nan,,
qwen,hidden_restore,one_region_dominated,okvqa_val_1295955,15,,,,1.6875,14.0,,,,,,,ok,,union_mask,top_hidden_delta,nan,,
qwen,hidden_restore,one_region_dominated,okvqa_val_1295955,15,,,,2.125,24.0,,,,,,,ok,,union_mask,visual+answer,nan,,
qwen,hidden_restore,one_region_dominated,okvqa_val_1295955,17,,,,2.0625,20.0,,,,,,,ok,,union_mask,visual_span,nan,,
qwen,hidden_restore,one_region_dominated,okvqa_val_1295955,17,,,,-0.875,-5.0,,,,,,,ok,,union_mask,answer_adjacent,nan,,
qwen,hidden_restore,one_region_dominated,okvqa_val_1295955,17,,,,1.375,14.0,,,,,,,ok,,union_mask,top_hidden_delta,nan,,
qwen,hidden_restore,one_region_dominated,okvqa_val_1295955,17,,,,1.25,19.0,,,,,,,ok,,union_mask,visual+answer,nan,,
qwen,hidden_restore,one_region_dominated,okvqa_val_1295955,13,,,,0.5625,2.0,,,,,,,ok,,shifted_mask,visual_span,nan,,
qwen,hidden_restore,one_region_dominated,okvqa_val_1295955,13,,,,-0.0625,-1.0,,,,,,,ok,,shifted_mask,answer_adjacent,nan,,
qwen,hidden_restore,one_region_dominated,okvqa_val_1295955,13,,,,-0.1875,-3.0,,,,,,,ok,,shifted_mask,top_hidden_delta,nan,,
qwen,hidden_restore,one_region_dominated,okvqa_val_1295955,13,,,,0.375,3.0,,,,,,,ok,,shifted_mask,visual+answer,nan,,
qwen,hidden_restore,one_region_dominated,okvqa_val_1295955,15,,,,0.4375,2.0,,,,,,,ok,,shifted_mask,visual_span,nan,,
qwen,hidden_restore,one_region_dominated,okvqa_val_1295955,15,,,,0.125,0.0,,,,,,,ok,,shifted_mask,answer_adjacent,nan,,
qwen,hidden_restore,one_region_dominated,okvqa_val_1295955,15,,,,-0.0625,-1.0,,,,,,,ok,,shifted_mask,top_hidden_delta,nan,,
qwen,hidden_restore,one_region_dominated,okvqa_val_1295955,15,,,,0.75,3.0,,,,,,,ok,,shifted_mask,visual+answer,nan,,
qwen,hidden_restore,one_region_dominated,okvqa_val_1295955,17,,,,0.6875,2.0,,,,,,,ok,,shifted_mask,visual_span,nan,,
qwen,hidden_restore,one_region_dominated,okvqa_val_1295955,17,,,,-0.25,-2.0,,,,,,,ok,,shifted_mask,answer_adjacent,nan,,
qwen,hidden_restore,one_region_dominated,okvqa_val_1295955,17,,,,0.1875,0.0,,,,,,,ok,,shifted_mask,top_hidden_delta,nan,,
qwen,hidden_restore,one_region_dominated,okvqa_val_1295955,17,,,,-0.25,0.0,,,,,,,ok,,shifted_mask,visual+answer,nan,,
qwen,hidden_restore,one_region_dominated,okvqa_val_1295955,13,,,,0.875,10.0,,,,,,,ok,,shuffled_mask,visual_span,nan,,
qwen,hidden_restore,one_region_dominated,okvqa_val_1295955,13,,,,0.0,-2.0,,,,,,,ok,,shuffled_mask,answer_adjacent,nan,,
qwen,hidden_restore,one_region_dominated,okvqa_val_1295955,13,,,,0.4375,6.0,,,,,,,ok,,shuffled_mask,top_hidden_delta,nan,,
qwen,hidden_restore,one_region_dominated,okvqa_val_1295955,13,,,,0.125,7.0,,,,,,,ok,,shuffled_mask,visual+answer,nan,,
qwen,hidden_restore,one_region_dominated,okvqa_val_1295955,15,,,,1.125,9.0,,,,,,,ok,,shuffled_mask,visual_span,nan,,
qwen,hidden_restore,one_region_dominated,okvqa_val_1295955,15,,,,0.1875,-2.0,,,,,,,ok,,shuffled_mask,answer_adjacent,nan,,
qwen,hidden_restore,one_region_dominated,okvqa_val_1295955,15,,,,0.0625,4.0,,,,,,,ok,,shuffled_mask,top_hidden_delta,nan,,
qwen,hidden_restore,one_region_dominated,okvqa_val_1295955,15,,,,1.0,9.0,,,,,,,ok,,shuffled_mask,visual+answer,nan,,
qwen,hidden_restore,one_region_dominated,okvqa_val_1295955,17,,,,0.875,10.0,,,,,,,ok,,shuffled_mask,visual_span,nan,,
qwen,hidden_restore,one_region_dominated,okvqa_val_1295955,17,,,,0.1875,2.0,,,,,,,ok,,shuffled_mask,answer_adjacent,nan,,
qwen,hidden_restore,one_region_dominated,okvqa_val_1295955,17,,,,0.0,4.0,,,,,,,ok,,shuffled_mask,top_hidden_delta,nan,,
qwen,hidden_restore,one_region_dominated,okvqa_val_1295955,17,,,,0.625,8.0,,,,,,,ok,,shuffled_mask,visual+answer,nan,,
qwen,hidden_restore,multi_evidence_supported,okvqa_val_258605,13,,,,3.3125,33.0,,,,,,,ok,,answer_mask,visual_span,nan,,
qwen,hidden_restore,multi_evidence_supported,okvqa_val_258605,13,,,,0.0,24.0,,,,,,,ok,,answer_mask,answer_adjacent,nan,,
qwen,hidden_restore,multi_evidence_supported,okvqa_val_258605,13,,,,-0.0625,6.0,,,,,,,ok,,answer_mask,top_hidden_delta,nan,,
qwen,hidden_restore,multi_evidence_supported,okvqa_val_258605,13,,,,3.5,36.0,,,,,,,ok,,answer_mask,visual+answer,nan,,
qwen,hidden_restore,multi_evidence_supported,okvqa_val_258605,15,,,,2.9375,28.0,,,,,,,ok,,answer_mask,visual_span,nan,,
qwen,hidden_restore,multi_evidence_supported,okvqa_val_258605,15,,,,1.0625,31.0,,,,,,,ok,,answer_mask,answer_adjacent,nan,,
qwen,hidden_restore,multi_evidence_supported,okvqa_val_258605,15,,,,-0.375,2.0,,,,,,,ok,,answer_mask,top_hidden_delta,nan,,
qwen,hidden_restore,multi_evidence_supported,okvqa_val_258605,15,,,,2.625,35.0,,,,,,,ok,,answer_mask,visual+answer,nan,,
qwen,hidden_restore,multi_evidence_supported,okvqa_val_258605,17,,,,1.6875,24.0,,,,,,,ok,,answer_mask,visual_span,nan,,
qwen,hidden_restore,multi_evidence_supported,okvqa_val_258605,17,,,,0.8125,32.0,,,,,,,ok,,answer_mask,answer_adjacent,nan,,
qwen,hidden_restore,multi_evidence_supported,okvqa_val_258605,17,,,,-0.125,3.0,,,,,,,ok,,answer_mask,top_hidden_delta,nan,,
qwen,hidden_restore,multi_evidence_supported,okvqa_val_258605,17,,,,2.9375,37.0,,,,,,,ok,,answer_mask,visual+answer,nan,,
qwen,hidden_restore,multi_evidence_supported,okvqa_val_258605,13,,,,3.3125,33.0,,,,,,,ok,,union_mask,visual_span,nan,,
qwen,hidden_restore,multi_evidence_supported,okvqa_val_258605,13,,,,0.0,24.0,,,,,,,ok,,union_mask,answer_adjacent,nan,,
qwen,hidden_restore,multi_evidence_supported,okvqa_val_258605,13,,,,-0.0625,6.0,,,,,,,ok,,union_mask,top_hidden_delta,nan,,
qwen,hidden_restore,multi_evidence_supported,okvqa_val_258605,13,,,,3.5,36.0,,,,,,,ok,,union_mask,visual+answer,nan,,
qwen,hidden_restore,multi_evidence_supported,okvqa_val_258605,15,,,,2.9375,28.0,,,,,,,ok,,union_mask,visual_span,nan,,
qwen,hidden_restore,multi_evidence_supported,okvqa_val_258605,15,,,,1.0625,31.0,,,,,,,ok,,union_mask,answer_adjacent,nan,,
qwen,hidden_restore,multi_evidence_supported,okvqa_val_258605,15,,,,-0.375,2.0,,,,,,,ok,,union_mask,top_hidden_delta,nan,,
qwen,hidden_restore,multi_evidence_supported,okvqa_val_258605,15,,,,2.625,35.0,,,,,,,ok,,union_mask,visual+answer,nan,,
qwen,hidden_restore,multi_evidence_supported,okvqa_val_258605,17,,,,1.6875,24.0,,,,,,,ok,,union_mask,visual_span,nan,,
qwen,hidden_restore,multi_evidence_supported,okvqa_val_258605,17,,,,0.8125,32.0,,,,,,,ok,,union_mask,answer_adjacent,nan,,
qwen,hidden_restore,multi_evidence_supported,okvqa_val_258605,17,,,,-0.125,3.0,,,,,,,ok,,union_mask,top_hidden_delta,nan,,
qwen,hidden_restore,multi_evidence_supported,okvqa_val_258605,17,,,,2.9375,37.0,,,,,,,ok,,union_mask,visual+answer,nan,,
qwen,hidden_restore,multi_evidence_supported,okvqa_val_258605,13,,,,3.5,22.0,,,,,,,ok,,shifted_mask,visual_span,nan,,
qwen,hidden_restore,multi_evidence_supported,okvqa_val_258605,13,,,,0.625,14.0,,,,,,,ok,,shifted_mask,answer_adjacent,nan,,
qwen,hidden_restore,multi_evidence_supported,okvqa_val_258605,13,,,,0.1875,7.0,,,,,,,ok,,shifted_mask,top_hidden_delta,nan,,
qwen,hidden_restore,multi_evidence_supported,okvqa_val_258605,13,,,,4.1875,28.0,,,,,,,ok,,shifted_mask,visual+answer,nan,,
qwen,hidden_restore,multi_evidence_supported,okvqa_val_258605,15,,,,3.0625,21.0,,,,,,,ok,,shifted_mask,visual_span,nan,,
qwen,hidden_restore,multi_evidence_supported,okvqa_val_258605,15,,,,0.8125,18.0,,,,,,,ok,,shifted_mask,answer_adjacent,nan,,
qwen,hidden_restore,multi_evidence_supported,okvqa_val_258605,15,,,,0.25,2.0,,,,,,,ok,,shifted_mask,top_hidden_delta,nan,,
qwen,hidden_restore,multi_evidence_supported,okvqa_val_258605,15,,,,3.4375,29.0,,,,,,,ok,,shifted_mask,visual+answer,nan,,
qwen,hidden_restore,multi_evidence_supported,okvqa_val_258605,17,,,,2.375,12.0,,,,,,,ok,,shifted_mask,visual_span,nan,,
qwen,hidden_restore,multi_evidence_supported,okvqa_val_258605,17,,,,1.0,18.0,,,,,,,ok,,shifted_mask,answer_adjacent,nan,,
qwen,hidden_restore,multi_evidence_supported,okvqa_val_258605,17,,,,0.6875,3.0,,,,,,,ok,,shifted_mask,top_hidden_delta,nan,,
qwen,hidden_restore,multi_evidence_supported,okvqa_val_258605,17,,,,3.125,29.0,,,,,,,ok,,shifted_mask,visual+answer,nan,,
qwen,hidden_restore,multi_evidence_supported,okvqa_val_258605,13,,,,0.1875,0.0,,,,,,,ok,,shuffled_mask,visual_span,nan,,
qwen,hidden_restore,multi_evidence_supported,okvqa_val_258605,13,,,,0.625,4.0,,,,,,,ok,,shuffled_mask,answer_adjacent,nan,,
qwen,hidden_restore,multi_evidence_supported,okvqa_val_258605,13,,,,0.125,1.0,,,,,,,ok,,shuffled_mask,top_hidden_delta,nan,,
qwen,hidden_restore,multi_evidence_supported,okvqa_val_258605,13,,,,0.6875,4.0,,,,,,,ok,,shuffled_mask,visual+answer,nan,,
qwen,hidden_restore,multi_evidence_supported,okvqa_val_258605,15,,,,0.1875,-2.0,,,,,,,ok,,shuffled_mask,visual_span,nan,,
qwen,hidden_restore,multi_evidence_supported,okvqa_val_258605,15,,,,0.6875,5.0,,,,,,,ok,,shuffled_mask,answer_adjacent,nan,,
qwen,hidden_restore,multi_evidence_supported,okvqa_val_258605,15,,,,0.25,1.0,,,,,,,ok,,shuffled_mask,top_hidden_delta,nan,,
qwen,hidden_restore,multi_evidence_supported,okvqa_val_258605,15,,,,0.625,5.0,,,,,,,ok,,shuffled_mask,visual+answer,nan,,
qwen,hidden_restore,multi_evidence_supported,okvqa_val_258605,17,,,,0.375,0.0,,,,,,,ok,,shuffled_mask,visual_span,nan,,
qwen,hidden_restore,multi_evidence_supported,okvqa_val_258605,17,,,,0.0625,4.0,,,,,,,ok,,shuffled_mask,answer_adjacent,nan,,
qwen,hidden_restore,multi_evidence_supported,okvqa_val_258605,17,,,,-0.4375,0.0,,,,,,,ok,,shuffled_mask,top_hidden_delta,nan,,
qwen,hidden_restore,multi_evidence_supported,okvqa_val_258605,17,,,,1.0625,5.0,,,,,,,ok,,shuffled_mask,visual+answer,nan,,
qwen,plt_candidate_discovery,multi_evidence_supported,okvqa_val_00310,13,qwen_evidence_first_0001,30,6346,,,0.2767329671076182,,,,,,ok,18.0,,,,,
qwen,plt_candidate_discovery,multi_evidence_supported,okvqa_val_00310,13,qwen_evidence_first_0002,93,7084,,,0.2393536537861972,,,,,,ok,18.0,,,,,
qwen,plt_candidate_discovery,multi_evidence_supported,okvqa_val_00310,13,qwen_evidence_first_0003,232,7084,,,0.23531365398173446,,,,,,ok,18.0,,,,,
qwen,plt_candidate_discovery,multi_evidence_supported,okvqa_val_00310,13,qwen_evidence_first_0004,90,7084,,,0.2117742511596471,,,,,,ok,18.0,,,,,
qwen,plt_candidate_discovery,multi_evidence_supported,okvqa_val_00310,13,qwen_evidence_first_0005,90,6346,,,0.19091495042643783,,,,,,ok,18.0,,,,,
qwen,plt_candidate_discovery,multi_evidence_supported,okvqa_val_00310,13,qwen_evidence_first_0006,92,7084,,,0.18046198234245814,,,,,,ok,18.0,,,,,
qwen,plt_candidate_discovery,multi_evidence_supported,okvqa_val_00310,13,qwen_evidence_first_0007,248,7084,,,0.1795570218584268,,,,,,ok,18.0,,,,,
qwen,plt_candidate_discovery,multi_evidence_supported,okvqa_val_00310,13,qwen_evidence_first_0008,107,7084,,,0.17490294360458178,,,,,,ok,18.0,,,,,
qwen,plt_candidate_discovery,multi_evidence_supported,okvqa_val_00893,13,qwen_evidence_first_0009,36,6403,,,2.1709034956963666,,,,,,ok,5.0,,,,,
qwen,plt_candidate_discovery,multi_evidence_supported,okvqa_val_00893,13,qwen_evidence_first_0010,108,6403,,,1.6112270330126286,,,,,,ok,5.0,,,,,
qwen,plt_candidate_discovery,multi_evidence_supported,okvqa_val_00893,13,qwen_evidence_first_0011,56,6403,,,1.3614504988406917,,,,,,ok,5.0,,,,,
qwen,plt_candidate_discovery,multi_evidence_supported,okvqa_val_00893,13,qwen_evidence_first_0012,129,6403,,,1.3289435135594154,,,,,,ok,5.0,,,,,
qwen,plt_candidate_discovery,multi_evidence_supported,okvqa_val_00893,13,qwen_evidence_first_0013,141,6403,,,1.3044131025988168,,,,,,ok,5.0,,,,,
qwen,plt_candidate_discovery,multi_evidence_supported,okvqa_val_00893,13,qwen_evidence_first_0014,165,1832,,,1.2040370581056328,,,,,,ok,5.0,,,,,
qwen,plt_candidate_discovery,multi_evidence_supported,okvqa_val_00893,13,qwen_evidence_first_0015,165,4109,,,1.1702580716681024,,,,,,ok,5.0,,,,,
qwen,plt_candidate_discovery,multi_evidence_supported,okvqa_val_00893,13,qwen_evidence_first_0016,131,6403,,,1.142866426782588,,,,,,ok,5.0,,,,,
qwen,plt_candidate_discovery,multi_evidence_supported,okvqa_val_258605,13,qwen_evidence_first_0017,91,7084,,,0.7454157626723122,,,,,,ok,5.0,,,,,
qwen,plt_candidate_discovery,multi_evidence_supported,okvqa_val_258605,13,qwen_evidence_first_0018,114,7084,,,0.7283300786569072,,,,,,ok,5.0,,,,,
qwen,plt_candidate_discovery,multi_evidence_supported,okvqa_val_258605,13,qwen_evidence_first_0019,275,7084,,,0.6035300032814102,,,,,,ok,5.0,,,,,
qwen,plt_candidate_discovery,multi_evidence_supported,okvqa_val_258605,13,qwen_evidence_first_0020,321,7084,,,0.47656259625102704,,,,,,ok,5.0,,,,,
qwen,plt_candidate_discovery,multi_evidence_supported,okvqa_val_258605,13,qwen_evidence_first_0021,135,7084,,,0.47483960203882924,,,,,,ok,5.0,,,,,
qwen,plt_candidate_discovery,multi_evidence_supported,okvqa_val_258605,13,qwen_evidence_first_0022,136,7084,,,0.458483271522504,,,,,,ok,5.0,,,,,
qwen,plt_candidate_discovery,multi_evidence_supported,okvqa_val_258605,13,qwen_evidence_first_0023,276,7084,,,0.45369076345780884,,,,,,ok,5.0,,,,,
qwen,plt_candidate_discovery,multi_evidence_supported,okvqa_val_258605,13,qwen_evidence_first_0024,89,6403,,,0.3667833731204437,,,,,,ok,5.0,,,,,
qwen,plt_candidate_discovery,multi_evidence_supported,okvqa_val_00310,15,qwen_evidence_first_0001,129,2235,,,0.30743257560152143,,,,,,ok,18.0,,,,,
qwen,plt_candidate_discovery,multi_evidence_supported,okvqa_val_00310,15,qwen_evidence_first_0002,147,2235,,,0.2503699874416479,,,,,,ok,18.0,,,,,
qwen,plt_candidate_discovery,multi_evidence_supported,okvqa_val_00310,15,qwen_evidence_first_0003,207,2235,,,0.23640756912766664,,,,,,ok,18.0,,,,,
qwen,plt_candidate_discovery,multi_evidence_supported,okvqa_val_00310,15,qwen_evidence_first_0004,115,2235,,,0.2095676757609163,,,,,,ok,18.0,,,,,
qwen,plt_candidate_discovery,multi_evidence_supported,okvqa_val_00310,15,qwen_evidence_first_0005,205,2235,,,0.20009250754710642,,,,,,ok,18.0,,,,,
qwen,plt_candidate_discovery,multi_evidence_supported,okvqa_val_00310,15,qwen_evidence_first_0006,132,2235,,,0.1902544771199872,,,,,,ok,18.0,,,,,
qwen,plt_candidate_discovery,multi_evidence_supported,okvqa_val_00310,15,qwen_evidence_first_0007,90,2235,,,0.17761838226792415,,,,,,ok,18.0,,,,,
qwen,plt_candidate_discovery,multi_evidence_supported,okvqa_val_00310,15,qwen_evidence_first_0008,128,2235,,,0.17028379682078915,,,,,,ok,18.0,,,,,
qwen,plt_candidate_discovery,multi_evidence_supported,okvqa_val_00893,15,qwen_evidence_first_0009,107,5892,,,2.5986708805948604,,,,,,ok,5.0,,,,,
qwen,plt_candidate_discovery,multi_evidence_supported,okvqa_val_00893,15,qwen_evidence_first_0010,85,5892,,,1.5801352315666706,,,,,,ok,5.0,,,,,
qwen,plt_candidate_discovery,multi_evidence_supported,okvqa_val_00893,15,qwen_evidence_first_0011,250,5892,,,1.5433019661186926,,,,,,ok,5.0,,,,,
qwen,plt_candidate_discovery,multi_evidence_supported,okvqa_val_00893,15,qwen_evidence_first_0012,141,5892,,,1.5018523681044005,,,,,,ok,5.0,,,,,
qwen,plt_candidate_discovery,multi_evidence_supported,okvqa_val_00893,15,qwen_evidence_first_0013,279,7019,,,1.442975323208535,,,,,,ok,5.0,,,,,
qwen,plt_candidate_discovery,multi_evidence_supported,okvqa_val_00893,15,qwen_evidence_first_0014,137,5892,,,1.2870438769713741,,,,,,ok,5.0,,,,,
qwen,plt_candidate_discovery,multi_evidence_supported,okvqa_val_00893,15,qwen_evidence_first_0015,114,5892,,,1.250075427849112,,,,,,ok,5.0,,,,,
qwen,plt_candidate_discovery,multi_evidence_supported,okvqa_val_00893,15,qwen_evidence_first_0016,68,5892,,,1.2476762209275298,,,,,,ok,5.0,,,,,
qwen,plt_candidate_discovery,multi_evidence_supported,okvqa_val_258605,15,qwen_evidence_first_0017,91,6386,,,1.3710413340053331,,,,,,ok,5.0,,,,,
qwen,plt_candidate_discovery,multi_evidence_supported,okvqa_val_258605,15,qwen_evidence_first_0018,114,6386,,,1.1001836799018196,,,,,,ok,5.0,,,,,
qwen,plt_candidate_discovery,multi_evidence_supported,okvqa_val_258605,15,qwen_evidence_first_0019,275,6386,,,0.8978564660882847,,,,,,ok,5.0,,,,,
qwen,plt_candidate_discovery,multi_evidence_supported,okvqa_val_258605,15,qwen_evidence_first_0020,136,6386,,,0.8027207201524006,,,,,,ok,5.0,,,,,
qwen,plt_candidate_discovery,multi_evidence_supported,okvqa_val_258605,15,qwen_evidence_first_0021,275,5892,,,0.7572765950049835,,,,,,ok,5.0,,,,,
qwen,plt_candidate_discovery,multi_evidence_supported,okvqa_val_258605,15,qwen_evidence_first_0022,276,6386,,,0.6341165366290011,,,,,,ok,5.0,,,,,
qwen,plt_candidate_discovery,multi_evidence_supported,okvqa_val_258605,15,qwen_evidence_first_0023,321,6386,,,0.6143265383450572,,,,,,ok,5.0,,,,,
qwen,plt_candidate_discovery,multi_evidence_supported,okvqa_val_258605,15,qwen_evidence_first_0024,89,6386,,,0.6058315140864914,,,,,,ok,5.0,,,,,
qwen,plt_candidate_discovery,multi_evidence_supported,okvqa_val_00310,17,qwen_evidence_first_0001,164,5217,,,0.745554815862888,,,,,,ok,18.0,,,,,
qwen,plt_candidate_discovery,multi_evidence_supported,okvqa_val_00310,17,qwen_evidence_first_0002,207,5217,,,0.6193548128792952,,,,,,ok,18.0,,,,,
qwen,plt_candidate_discovery,multi_evidence_supported,okvqa_val_00310,17,qwen_evidence_first_0003,171,5217,,,0.602868928536858,,,,,,ok,18.0,,,,,
qwen,plt_candidate_discovery,multi_evidence_supported,okvqa_val_00310,17,qwen_evidence_first_0004,127,5217,,,0.598792256111439,,,,,,ok,18.0,,,,,
qwen,plt_candidate_discovery,multi_evidence_supported,okvqa_val_00310,17,qwen_evidence_first_0005,147,5217,,,0.5664669938479647,,,,,,ok,18.0,,,,,
qwen,plt_candidate_discovery,multi_evidence_supported,okvqa_val_00310,17,qwen_evidence_first_0006,129,5217,,,0.5526941094701789,,,,,,ok,18.0,,,,,
qwen,plt_candidate_discovery,multi_evidence_supported,okvqa_val_00310,17,qwen_evidence_first_0007,92,5217,,,0.5415656555920669,,,,,,ok,18.0,,,,,
qwen,plt_candidate_discovery,multi_evidence_supported,okvqa_val_00310,17,qwen_evidence_first_0008,183,5217,,,0.466169552258241,,,,,,ok,18.0,,,,,
qwen,plt_candidate_discovery,multi_evidence_supported,okvqa_val_00893,17,qwen_evidence_first_0009,68,7806,,,1.6166749814396588,,,,,,ok,5.0,,,,,
qwen,plt_candidate_discovery,multi_evidence_supported,okvqa_val_00893,17,qwen_evidence_first_0010,92,4602,,,1.2285953204648787,,,,,,ok,5.0,,,,,
qwen,plt_candidate_discovery,multi_evidence_supported,okvqa_val_00893,17,qwen_evidence_first_0011,68,4602,,,1.011280892254592,,,,,,ok,5.0,,,,,
qwen,plt_candidate_discovery,multi_evidence_supported,okvqa_val_00893,17,qwen_evidence_first_0012,49,7806,,,0.931305816439217,,,,,,ok,5.0,,,,,
qwen,plt_candidate_discovery,multi_evidence_supported,okvqa_val_00893,17,qwen_evidence_first_0013,36,2581,,,0.8810650681418688,,,,,,ok,5.0,,,,,
qwen,plt_candidate_discovery,multi_evidence_supported,okvqa_val_00893,17,qwen_evidence_first_0014,56,7806,,,0.8750029002898427,,,,,,ok,5.0,,,,,
qwen,plt_candidate_discovery,multi_evidence_supported,okvqa_val_00893,17,qwen_evidence_first_0015,342,4602,,,0.8723885257691975,,,,,,ok,5.0,,,,,
qwen,plt_candidate_discovery,multi_evidence_supported,okvqa_val_00893,17,qwen_evidence_first_0016,36,7806,,,0.8703845036183491,,,,,,ok,5.0,,,,,
qwen,plt_candidate_discovery,multi_evidence_supported,okvqa_val_258605,17,qwen_evidence_first_0017,89,4602,,,0.8615569320316242,,,,,,ok,5.0,,,,,
qwen,plt_candidate_discovery,multi_evidence_supported,okvqa_val_258605,17,qwen_evidence_first_0018,112,4602,,,0.6765783302389856,,,,,,ok,5.0,,,,,
qwen,plt_candidate_discovery,multi_evidence_supported,okvqa_val_258605,17,qwen_evidence_first_0019,275,5217,,,0.5343095940628584,,,,,,ok,5.0,,,,,
qwen,plt_candidate_discovery,multi_evidence_supported,okvqa_val_258605,17,qwen_evidence_first_0020,275,4602,,,0.5082780145001973,,,,,,ok,5.0,,,,,
qwen,plt_candidate_discovery,multi_evidence_supported,okvqa_val_258605,17,qwen_evidence_first_0021,165,5217,,,0.42357933890240934,,,,,,ok,5.0,,,,,
qwen,plt_candidate_discovery,multi_evidence_supported,okvqa_val_258605,17,qwen_evidence_first_0022,135,4602,,,0.4092830959807092,,,,,,ok,5.0,,,,,
qwen,plt_candidate_discovery,multi_evidence_supported,okvqa_val_258605,17,qwen_evidence_first_0023,81,1822,,,0.40447750363845325,,,,,,ok,5.0,,,,,
qwen,plt_candidate_discovery,multi_evidence_supported,okvqa_val_258605,17,qwen_evidence_first_0024,89,4451,,,0.399275656049391,,,,,,ok,5.0,,,,,
qwen,plt_feature_zeroing_restore,multi_evidence_supported,okvqa_val_00310,13,qwen_evidence_first_0001,30,6346,,,,0.0,0.03125,-0.03125,0.09375,0.03125,ok,,,,,,
qwen,plt_feature_zeroing_restore,multi_evidence_supported,okvqa_val_00310,13,qwen_evidence_first_0002,93,7084,,,,0.0,0.03125,-0.03125,0.09375,0.09375,ok,,,,,,
qwen,plt_feature_zeroing_restore,multi_evidence_supported,okvqa_val_00310,13,qwen_evidence_first_0003,232,7084,,,,-0.020833333333333336,0.125,0.125,0.125,0.0625,ok,,,,,,
qwen,plt_feature_zeroing_restore,multi_evidence_supported,okvqa_val_00310,13,qwen_evidence_first_0004,90,7084,,,,0.02083333333333333,0.0,0.0625,0.0625,0.0,ok,,,,,,
qwen,plt_feature_zeroing_restore,multi_evidence_supported,okvqa_val_00893,13,qwen_evidence_first_0009,36,6403,,,,0.041666666666666664,-0.0625,-0.125,0.0,0.0625,ok,,,,,,
qwen,plt_feature_zeroing_restore,multi_evidence_supported,okvqa_val_00893,13,qwen_evidence_first_0010,108,6403,,,,-0.020833333333333332,-0.0625,-0.0625,-0.0625,0.0,ok,,,,,,
qwen,plt_feature_zeroing_restore,multi_evidence_supported,okvqa_val_00893,13,qwen_evidence_first_0011,56,6403,,,,-0.041666666666666664,0.0625,0.0625,0.0,0.0625,ok,,,,,,
qwen,plt_feature_zeroing_restore,multi_evidence_supported,okvqa_val_00893,13,qwen_evidence_first_0012,129,6403,,,,0.20833333333333331,0.0625,0.0,0.0625,0.0625,ok,,,,,,
qwen,plt_feature_zeroing_restore,multi_evidence_supported,okvqa_val_258605,13,qwen_evidence_first_0017,91,7084,,,,0.041666666666666664,0.0625,0.125,0.0625,-0.0625,ok,,,,,,
qwen,plt_feature_zeroing_restore,multi_evidence_supported,okvqa_val_258605,13,qwen_evidence_first_0018,114,7084,,,,-0.020833333333333336,0.0625,0.0625,0.0,0.0625,ok,,,,,,
qwen,plt_feature_zeroing_restore,multi_evidence_supported,okvqa_val_258605,13,qwen_evidence_first_0019,275,7084,,,,0.041666666666666664,0.0625,0.0625,0.0625,0.0625,ok,,,,,,
qwen,plt_feature_zeroing_restore,multi_evidence_supported,okvqa_val_258605,13,qwen_evidence_first_0020,321,7084,,,,-0.0625,0.0625,0.0625,0.0,-0.0625,ok,,,,,,
qwen,plt_feature_zeroing_restore,multi_evidence_supported,okvqa_val_00310,15,qwen_evidence_first_0001,129,2235,,,,0.02083333333333333,0.0625,0.0625,0.0,0.0625,ok,,,,,,
qwen,plt_feature_zeroing_restore,multi_evidence_supported,okvqa_val_00310,15,qwen_evidence_first_0002,147,2235,,,,0.08333333333333333,0.03125,0.03125,0.03125,0.03125,ok,,,,,,
qwen,plt_feature_zeroing_restore,multi_evidence_supported,okvqa_val_00310,15,qwen_evidence_first_0003,207,2235,,,,0.0,-0.03125,-0.09375,-0.03125,0.03125,ok,,,,,,
qwen,plt_feature_zeroing_restore,multi_evidence_supported,okvqa_val_00310,15,qwen_evidence_first_0004,115,2235,,,,0.020833333333333332,0.0625,0.0,0.0625,0.0625,ok,,,,,,
qwen,plt_feature_zeroing_restore,multi_evidence_supported,okvqa_val_00893,15,qwen_evidence_first_0009,107,5892,,,,0.10416666666666667,0.0625,0.0,0.0625,0.0,ok,,,,,,
qwen,plt_feature_zeroing_restore,multi_evidence_supported,okvqa_val_00893,15,qwen_evidence_first_0010,85,5892,,,,-0.08333333333333333,-0.0625,-0.125,-0.0625,-0.0625,ok,,,,,,
qwen,plt_feature_zeroing_restore,multi_evidence_supported,okvqa_val_00893,15,qwen_evidence_first_0011,250,5892,,,,0.020833333333333332,-0.0625,-0.0625,-0.0625,-0.0625,ok,,,,,,
qwen,plt_feature_zeroing_restore,multi_evidence_supported,okvqa_val_00893,15,qwen_evidence_first_0012,141,5892,,,,-0.020833333333333332,0.0,0.0,0.0,0.0625,ok,,,,,,
qwen,plt_feature_zeroing_restore,multi_evidence_supported,okvqa_val_258605,15,qwen_evidence_first_0017,91,6386,,,,-0.020833333333333336,0.0625,0.0625,0.0,-0.0625,ok,,,,,,
qwen,plt_feature_zeroing_restore,multi_evidence_supported,okvqa_val_258605,15,qwen_evidence_first_0018,114,6386,,,,-0.020833333333333332,0.0,0.0,0.0,0.0,ok,,,,,,
qwen,plt_feature_zeroing_restore,multi_evidence_supported,okvqa_val_258605,15,qwen_evidence_first_0019,275,6386,,,,0.020833333333333332,0.0625,0.0625,0.0625,-0.0625,ok,,,,,,
qwen,plt_feature_zeroing_restore,multi_evidence_supported,okvqa_val_258605,15,qwen_evidence_first_0020,136,6386,,,,0.020833333333333332,0.0,0.0,0.0,-0.125,ok,,,,,,
qwen,plt_feature_zeroing_restore,multi_evidence_supported,okvqa_val_00310,17,qwen_evidence_first_0001,164,5217,,,,0.020833333333333332,0.0625,0.0625,0.125,0.0625,ok,,,,,,
qwen,plt_feature_zeroing_restore,multi_evidence_supported,okvqa_val_00310,17,qwen_evidence_first_0002,207,5217,,,,-0.04166666666666667,0.03125,0.09375,0.03125,0.03125,ok,,,,,,
qwen,plt_feature_zeroing_restore,multi_evidence_supported,okvqa_val_00310,17,qwen_evidence_first_0003,171,5217,,,,-0.04166666666666667,0.03125,0.03125,0.03125,-0.03125,ok,,,,,,
qwen,plt_feature_zeroing_restore,multi_evidence_supported,okvqa_val_00310,17,qwen_evidence_first_0004,127,5217,,,,-0.041666666666666664,0.0625,0.125,0.0625,0.0625,ok,,,,,,
qwen,plt_feature_zeroing_restore,multi_evidence_supported,okvqa_val_00893,17,qwen_evidence_first_0009,68,7806,,,,0.0,0.0,0.0,0.0625,0.0,ok,,,,,,
qwen,plt_feature_zeroing_restore,multi_evidence_supported,okvqa_val_00893,17,qwen_evidence_first_0010,92,4602,,,,-0.020833333333333336,-0.0625,0.0,-0.0625,-0.0625,ok,,,,,,
qwen,plt_feature_zeroing_restore,multi_evidence_supported,okvqa_val_00893,17,qwen_evidence_first_0011,68,4602,,,,-0.020833333333333332,-0.0625,-0.125,-0.0625,0.0,ok,,,,,,
qwen,plt_feature_zeroing_restore,multi_evidence_supported,okvqa_val_00893,17,qwen_evidence_first_0012,49,7806,,,,0.041666666666666664,0.0,0.0625,0.0625,-0.0625,ok,,,,,,
qwen,plt_feature_zeroing_restore,multi_evidence_supported,okvqa_val_258605,17,qwen_evidence_first_0017,89,4602,,,,0.041666666666666664,0.0625,0.0,0.0625,0.0625,ok,,,,,,
qwen,plt_feature_zeroing_restore,multi_evidence_supported,okvqa_val_258605,17,qwen_evidence_first_0018,112,4602,,,,-0.020833333333333336,0.0,0.0,0.0,-0.125,ok,,,,,,
qwen,plt_feature_zeroing_restore,multi_evidence_supported,okvqa_val_258605,17,qwen_evidence_first_0019,275,5217,,,,-0.0625,0.0,0.0,0.0625,0.0,ok,,,,,,
qwen,plt_feature_zeroing_restore,multi_evidence_supported,okvqa_val_258605,17,qwen_evidence_first_0020,275,4602,,,,0.0625,-0.0625,-0.125,0.0,-0.0625,ok,,,,,,
qwen,plt_group_restore,multi_evidence_supported,okvqa_val_00310,13,,,,0.03125,18.0,,,,,,0.03125,ok,,answer_mask,,,1,0.0
qwen,plt_group_restore,multi_evidence_supported,okvqa_val_00310,13,,,,0.03125,-1.0,,,,,,-0.03125,ok,,answer_mask,,,4,0.0625
qwen,plt_group_restore,multi_evidence_supported,okvqa_val_00310,13,,,,0.03125,-1.0,,,,,,-0.03125,ok,,answer_mask,,,8,0.0625
qwen,plt_group_restore,multi_evidence_supported,okvqa_val_00310,13,,,,0.03125,-1.0,,,,,,-0.03125,ok,,answer_mask,,,16,0.0625
qwen,plt_group_restore,multi_evidence_supported,okvqa_val_00310,13,,,,0.03125,-1.0,,,,,,-0.03125,ok,,answer_mask,,,32,0.0625
qwen,plt_group_restore,multi_evidence_supported,okvqa_val_00310,13,,,,0.03125,-1.0,,,,,,-0.03125,ok,,answer_mask,,,64,0.0625
qwen,plt_group_restore,multi_evidence_supported,okvqa_val_00310,13,,,,0.03125,18.0,,,,,,0.03125,ok,,union_mask,,,1,0.0
qwen,plt_group_restore,multi_evidence_supported,okvqa_val_00310,13,,,,0.03125,-1.0,,,,,,-0.03125,ok,,union_mask,,,4,0.0625
qwen,plt_group_restore,multi_evidence_supported,okvqa_val_00310,13,,,,0.03125,-1.0,,,,,,-0.03125,ok,,union_mask,,,8,0.0625
qwen,plt_group_restore,multi_evidence_supported,okvqa_val_00310,13,,,,0.03125,-1.0,,,,,,-0.03125,ok,,union_mask,,,16,0.0625
qwen,plt_group_restore,multi_evidence_supported,okvqa_val_00310,13,,,,0.03125,-1.0,,,,,,-0.03125,ok,,union_mask,,,32,0.0625
qwen,plt_group_restore,multi_evidence_supported,okvqa_val_00310,13,,,,0.03125,-1.0,,,,,,-0.03125,ok,,union_mask,,,64,0.0625
qwen,plt_group_restore,multi_evidence_supported,okvqa_val_00310,13,,,,0.0625,0.0,,,,,,-0.0625,ok,,shifted_mask,,,1,0.125
qwen,plt_group_restore,multi_evidence_supported,okvqa_val_00310,13,,,,0.0,-1.0,,,,,,0.0,ok,,shifted_mask,,,4,0.0
qwen,plt_group_restore,multi_evidence_supported,okvqa_val_00310,13,,,,0.0,-1.0,,,,,,0.0,ok,,shifted_mask,,,8,0.0
qwen,plt_group_restore,multi_evidence_supported,okvqa_val_00310,13,,,,0.0,-1.0,,,,,,0.0,ok,,shifted_mask,,,16,0.0
qwen,plt_group_restore,multi_evidence_supported,okvqa_val_00310,13,,,,0.0,-1.0,,,,,,0.0,ok,,shifted_mask,,,32,0.0
qwen,plt_group_restore,multi_evidence_supported,okvqa_val_00310,13,,,,0.0,-1.0,,,,,,0.0,ok,,shifted_mask,,,64,0.0
qwen,plt_group_restore,multi_evidence_supported,okvqa_val_00310,13,,,,-0.0625,0.0,,,,,,0.0625,ok,,shuffled_mask,,,1,-0.125
qwen,plt_group_restore,multi_evidence_supported,okvqa_val_00310,13,,,,0.0,0.0,,,,,,0.0625,ok,,shuffled_mask,,,4,-0.0625
qwen,plt_group_restore,multi_evidence_supported,okvqa_val_00310,13,,,,0.0,0.0,,,,,,0.0625,ok,,shuffled_mask,,,8,-0.0625
qwen,plt_group_restore,multi_evidence_supported,okvqa_val_00310,13,,,,0.0,0.0,,,,,,0.0625,ok,,shuffled_mask,,,16,-0.0625
qwen,plt_group_restore,multi_evidence_supported,okvqa_val_00310,13,,,,0.0,0.0,,,,,,0.0625,ok,,shuffled_mask,,,32,-0.0625
qwen,plt_group_restore,multi_evidence_supported,okvqa_val_00310,13,,,,0.0,0.0,,,,,,0.0625,ok,,shuffled_mask,,,64,-0.0625
qwen,plt_group_restore,multi_evidence_supported,okvqa_val_00893,13,,,,-0.0625,0.0,,,,,,0.0625,ok,,answer_mask,,,1,-0.125
qwen,plt_group_restore,multi_evidence_supported,okvqa_val_00893,13,,,,0.0,0.0,,,,,,0.0625,ok,,answer_mask,,,4,-0.0625
qwen,plt_group_restore,multi_evidence_supported,okvqa_val_00893,13,,,,0.0,0.0,,,,,,0.0625,ok,,answer_mask,,,8,-0.0625
qwen,plt_group_restore,multi_evidence_supported,okvqa_val_00893,13,,,,0.0,0.0,,,,,,0.0625,ok,,answer_mask,,,16,-0.0625
qwen,plt_group_restore,multi_evidence_supported,okvqa_val_00893,13,,,,0.0,0.0,,,,,,0.0625,ok,,answer_mask,,,32,-0.0625
qwen,plt_group_restore,multi_evidence_supported,okvqa_val_00893,13,,,,0.0,0.0,,,,,,0.0625,ok,,answer_mask,,,64,-0.0625
qwen,plt_group_restore,multi_evidence_supported,okvqa_val_00893,13,,,,-0.0625,0.0,,,,,,0.0625,ok,,union_mask,,,1,-0.125
qwen,plt_group_restore,multi_evidence_supported,okvqa_val_00893,13,,,,0.0,0.0,,,,,,0.0625,ok,,union_mask,,,4,-0.0625
qwen,plt_group_restore,multi_evidence_supported,okvqa_val_00893,13,,,,0.0,0.0,,,,,,0.0625,ok,,union_mask,,,8,-0.0625
qwen,plt_group_restore,multi_evidence_supported,okvqa_val_00893,13,,,,0.0,0.0,,,,,,0.0625,ok,,union_mask,,,16,-0.0625
qwen,plt_group_restore,multi_evidence_supported,okvqa_val_00893,13,,,,0.0,0.0,,,,,,0.0625,ok,,union_mask,,,32,-0.0625
qwen,plt_group_restore,multi_evidence_supported,okvqa_val_00893,13,,,,0.0,0.0,,,,,,0.0625,ok,,union_mask,,,64,-0.0625
qwen,plt_group_restore,multi_evidence_supported,okvqa_val_00893,13,,,,0.0625,1.0,,,,,,-0.0625,ok,,shifted_mask,,,1,0.125
qwen,plt_group_restore,multi_evidence_supported,okvqa_val_00893,13,,,,-0.0625,0.0,,,,,,-0.0625,ok,,shifted_mask,,,4,0.0
qwen,plt_group_restore,multi_evidence_supported,okvqa_val_00893,13,,,,-0.0625,0.0,,,,,,-0.0625,ok,,shifted_mask,,,8,0.0
qwen,plt_group_restore,multi_evidence_supported,okvqa_val_00893,13,,,,-0.0625,0.0,,,,,,-0.0625,ok,,shifted_mask,,,16,0.0
qwen,plt_group_restore,multi_evidence_supported,okvqa_val_00893,13,,,,-0.0625,0.0,,,,,,-0.0625,ok,,shifted_mask,,,32,0.0
qwen,plt_group_restore,multi_evidence_supported,okvqa_val_00893,13,,,,-0.0625,0.0,,,,,,-0.0625,ok,,shifted_mask,,,64,0.0
qwen,plt_group_restore,multi_evidence_supported,okvqa_val_00893,13,,,,-0.0625,0.0,,,,,,0.0,ok,,shuffled_mask,,,1,-0.0625
qwen,plt_group_restore,multi_evidence_supported,okvqa_val_00893,13,,,,0.0,0.0,,,,,,0.125,ok,,shuffled_mask,,,4,-0.125
qwen,plt_group_restore,multi_evidence_supported,okvqa_val_00893,13,,,,0.0,0.0,,,,,,0.125,ok,,shuffled_mask,,,8,-0.125
qwen,plt_group_restore,multi_evidence_supported,okvqa_val_00893,13,,,,0.0,0.0,,,,,,0.125,ok,,shuffled_mask,,,16,-0.125
qwen,plt_group_restore,multi_evidence_supported,okvqa_val_00893,13,,,,0.0,0.0,,,,,,0.125,ok,,shuffled_mask,,,32,-0.125
qwen,plt_group_restore,multi_evidence_supported,okvqa_val_00893,13,,,,0.0,0.0,,,,,,0.125,ok,,shuffled_mask,,,64,-0.125
qwen,plt_group_restore,multi_evidence_supported,okvqa_val_258605,13,,,,0.0625,1.0,,,,,,-0.0625,ok,,answer_mask,,,1,0.125
qwen,plt_group_restore,multi_evidence_supported,okvqa_val_258605,13,,,,0.0,1.0,,,,,,0.0,ok,,answer_mask,,,4,0.0
qwen,plt_group_restore,multi_evidence_supported,okvqa_val_258605,13,,,,0.0,1.0,,,,,,0.0,ok,,answer_mask,,,8,0.0
qwen,plt_group_restore,multi_evidence_supported,okvqa_val_258605,13,,,,0.0,1.0,,,,,,0.0,ok,,answer_mask,,,16,0.0
qwen,plt_group_restore,multi_evidence_supported,okvqa_val_258605,13,,,,0.0,1.0,,,,,,0.0,ok,,answer_mask,,,32,0.0
qwen,plt_group_restore,multi_evidence_supported,okvqa_val_258605,13,,,,0.0,1.0,,,,,,0.0,ok,,answer_mask,,,64,0.0
qwen,plt_group_restore,multi_evidence_supported,okvqa_val_258605,13,,,,0.0625,1.0,,,,,,-0.0625,ok,,union_mask,,,1,0.125
qwen,plt_group_restore,multi_evidence_supported,okvqa_val_258605,13,,,,0.0,1.0,,,,,,0.0,ok,,union_mask,,,4,0.0
qwen,plt_group_restore,multi_evidence_supported,okvqa_val_258605,13,,,,0.0,1.0,,,,,,0.0,ok,,union_mask,,,8,0.0
qwen,plt_group_restore,multi_evidence_supported,okvqa_val_258605,13,,,,0.0,1.0,,,,,,0.0,ok,,union_mask,,,16,0.0
qwen,plt_group_restore,multi_evidence_supported,okvqa_val_258605,13,,,,0.0,1.0,,,,,,0.0,ok,,union_mask,,,32,0.0
qwen,plt_group_restore,multi_evidence_supported,okvqa_val_258605,13,,,,0.0,1.0,,,,,,0.0,ok,,union_mask,,,64,0.0
qwen,plt_group_restore,multi_evidence_supported,okvqa_val_258605,13,,,,-0.0625,0.0,,,,,,-0.0625,ok,,shifted_mask,,,1,0.0
qwen,plt_group_restore,multi_evidence_supported,okvqa_val_258605,13,,,,0.0,0.0,,,,,,-0.125,ok,,shifted_mask,,,4,0.125
qwen,plt_group_restore,multi_evidence_supported,okvqa_val_258605,13,,,,0.0,0.0,,,,,,-0.125,ok,,shifted_mask,,,8,0.125
qwen,plt_group_restore,multi_evidence_supported,okvqa_val_258605,13,,,,0.0,0.0,,,,,,-0.125,ok,,shifted_mask,,,16,0.125
qwen,plt_group_restore,multi_evidence_supported,okvqa_val_258605,13,,,,0.0,0.0,,,,,,-0.125,ok,,shifted_mask,,,32,0.125
qwen,plt_group_restore,multi_evidence_supported,okvqa_val_258605,13,,,,0.0,0.0,,,,,,-0.125,ok,,shifted_mask,,,64,0.125
qwen,plt_group_restore,multi_evidence_supported,okvqa_val_258605,13,,,,0.0,1.0,,,,,,0.125,ok,,shuffled_mask,,,1,-0.125
qwen,plt_group_restore,multi_evidence_supported,okvqa_val_258605,13,,,,0.0,0.0,,,,,,0.125,ok,,shuffled_mask,,,4,-0.125
qwen,plt_group_restore,multi_evidence_supported,okvqa_val_258605,13,,,,0.0,0.0,,,,,,0.125,ok,,shuffled_mask,,,8,-0.125
qwen,plt_group_restore,multi_evidence_supported,okvqa_val_258605,13,,,,0.0,0.0,,,,,,0.125,ok,,shuffled_mask,,,16,-0.125
qwen,plt_group_restore,multi_evidence_supported,okvqa_val_258605,13,,,,0.0,0.0,,,,,,0.125,ok,,shuffled_mask,,,32,-0.125
qwen,plt_group_restore,multi_evidence_supported,okvqa_val_258605,13,,,,0.0,0.0,,,,,,0.125,ok,,shuffled_mask,,,64,-0.125
qwen,plt_group_restore,multi_evidence_supported,okvqa_val_00310,15,,,,0.0625,16.0,,,,,,0.0625,ok,,answer_mask,,,1,0.0
qwen,plt_group_restore,multi_evidence_supported,okvqa_val_00310,15,,,,-0.03125,9.0,,,,,,-0.03125,ok,,answer_mask,,,4,0.0
qwen,plt_group_restore,multi_evidence_supported,okvqa_val_00310,15,,,,-0.03125,9.0,,,,,,-0.03125,ok,,answer_mask,,,8,0.0
qwen,plt_group_restore,multi_evidence_supported,okvqa_val_00310,15,,,,-0.03125,9.0,,,,,,-0.03125,ok,,answer_mask,,,16,0.0
qwen,plt_group_restore,multi_evidence_supported,okvqa_val_00310,15,,,,-0.03125,9.0,,,,,,-0.03125,ok,,answer_mask,,,32,0.0
qwen,plt_group_restore,multi_evidence_supported,okvqa_val_00310,15,,,,-0.03125,9.0,,,,,,-0.03125,ok,,answer_mask,,,64,0.0
qwen,plt_group_restore,multi_evidence_supported,okvqa_val_00310,15,,,,0.0625,16.0,,,,,,0.0625,ok,,union_mask,,,1,0.0
qwen,plt_group_restore,multi_evidence_supported,okvqa_val_00310,15,,,,-0.03125,9.0,,,,,,-0.03125,ok,,union_mask,,,4,0.0
qwen,plt_group_restore,multi_evidence_supported,okvqa_val_00310,15,,,,-0.03125,9.0,,,,,,-0.03125,ok,,union_mask,,,8,0.0
qwen,plt_group_restore,multi_evidence_supported,okvqa_val_00310,15,,,,-0.03125,9.0,,,,,,-0.03125,ok,,union_mask,,,16,0.0
qwen,plt_group_restore,multi_evidence_supported,okvqa_val_00310,15,,,,-0.03125,9.0,,,,,,-0.03125,ok,,union_mask,,,32,0.0
qwen,plt_group_restore,multi_evidence_supported,okvqa_val_00310,15,,,,-0.03125,9.0,,,,,,-0.03125,ok,,union_mask,,,64,0.0
qwen,plt_group_restore,multi_evidence_supported,okvqa_val_00310,15,,,,0.0,0.0,,,,,,0.0,ok,,shifted_mask,,,1,0.0
qwen,plt_group_restore,multi_evidence_supported,okvqa_val_00310,15,,,,0.0,0.0,,,,,,-0.125,ok,,shifted_mask,,,4,0.125
qwen,plt_group_restore,multi_evidence_supported,okvqa_val_00310,15,,,,0.0,0.0,,,,,,-0.125,ok,,shifted_mask,,,8,0.125
qwen,plt_group_restore,multi_evidence_supported,okvqa_val_00310,15,,,,0.0,0.0,,,,,,-0.125,ok,,shifted_mask,,,16,0.125
qwen,plt_group_restore,multi_evidence_supported,okvqa_val_00310,15,,,,0.0,0.0,,,,,,-0.125,ok,,shifted_mask,,,32,0.125
qwen,plt_group_restore,multi_evidence_supported,okvqa_val_00310,15,,,,0.0,0.0,,,,,,-0.125,ok,,shifted_mask,,,64,0.125
qwen,plt_group_restore,multi_evidence_supported,okvqa_val_00310,15,,,,0.0625,0.0,,,,,,0.0,ok,,shuffled_mask,,,1,0.0625
qwen,plt_group_restore,multi_evidence_supported,okvqa_val_00310,15,,,,0.0,0.0,,,,,,0.0625,ok,,shuffled_mask,,,4,-0.0625
qwen,plt_group_restore,multi_evidence_supported,okvqa_val_00310,15,,,,0.0,0.0,,,,,,0.0625,ok,,shuffled_mask,,,8,-0.0625
qwen,plt_group_restore,multi_evidence_supported,okvqa_val_00310,15,,,,0.0,0.0,,,,,,0.0625,ok,,shuffled_mask,,,16,-0.0625
qwen,plt_group_restore,multi_evidence_supported,okvqa_val_00310,15,,,,0.0,0.0,,,,,,0.0625,ok,,shuffled_mask,,,32,-0.0625
qwen,plt_group_restore,multi_evidence_supported,okvqa_val_00310,15,,,,0.0,0.0,,,,,,0.0625,ok,,shuffled_mask,,,64,-0.0625
qwen,plt_group_restore,multi_evidence_supported,okvqa_val_00893,15,,,,0.0625,2.0,,,,,,0.0,ok,,answer_mask,,,1,0.0625
qwen,plt_group_restore,multi_evidence_supported,okvqa_val_00893,15,,,,-0.0625,1.0,,,,,,0.0625,ok,,answer_mask,,,4,-0.125
qwen,plt_group_restore,multi_evidence_supported,okvqa_val_00893,15,,,,-0.0625,1.0,,,,,,0.0625,ok,,answer_mask,,,8,-0.125
qwen,plt_group_restore,multi_evidence_supported,okvqa_val_00893,15,,,,-0.0625,1.0,,,,,,0.0625,ok,,answer_mask,,,16,-0.125
qwen,plt_group_restore,multi_evidence_supported,okvqa_val_00893,15,,,,-0.0625,1.0,,,,,,0.0625,ok,,answer_mask,,,32,-0.125
qwen,plt_group_restore,multi_evidence_supported,okvqa_val_00893,15,,,,-0.0625,1.0,,,,,,0.0625,ok,,answer_mask,,,64,-0.125
qwen,plt_group_restore,multi_evidence_supported,okvqa_val_00893,15,,,,0.0625,2.0,,,,,,0.0,ok,,union_mask,,,1,0.0625
qwen,plt_group_restore,multi_evidence_supported,okvqa_val_00893,15,,,,-0.0625,1.0,,,,,,0.0625,ok,,union_mask,,,4,-0.125
qwen,plt_group_restore,multi_evidence_supported,okvqa_val_00893,15,,,,-0.0625,1.0,,,,,,0.0625,ok,,union_mask,,,8,-0.125
qwen,plt_group_restore,multi_evidence_supported,okvqa_val_00893,15,,,,-0.0625,1.0,,,,,,0.0625,ok,,union_mask,,,16,-0.125
qwen,plt_group_restore,multi_evidence_supported,okvqa_val_00893,15,,,,-0.0625,1.0,,,,,,0.0625,ok,,union_mask,,,32,-0.125
qwen,plt_group_restore,multi_evidence_supported,okvqa_val_00893,15,,,,-0.0625,1.0,,,,,,0.0625,ok,,union_mask,,,64,-0.125
qwen,plt_group_restore,multi_evidence_supported,okvqa_val_00893,15,,,,0.0625,1.0,,,,,,0.0,ok,,shifted_mask,,,1,0.0625
qwen,plt_group_restore,multi_evidence_supported,okvqa_val_00893,15,,,,0.0,1.0,,,,,,-0.0625,ok,,shifted_mask,,,4,0.0625
qwen,plt_group_restore,multi_evidence_supported,okvqa_val_00893,15,,,,0.0,1.0,,,,,,-0.0625,ok,,shifted_mask,,,8,0.0625
qwen,plt_group_restore,multi_evidence_supported,okvqa_val_00893,15,,,,0.0,1.0,,,,,,-0.0625,ok,,shifted_mask,,,16,0.0625
qwen,plt_group_restore,multi_evidence_supported,okvqa_val_00893,15,,,,0.0,1.0,,,,,,-0.0625,ok,,shifted_mask,,,32,0.0625
qwen,plt_group_restore,multi_evidence_supported,okvqa_val_00893,15,,,,0.0,1.0,,,,,,-0.0625,ok,,shifted_mask,,,64,0.0625
qwen,plt_group_restore,multi_evidence_supported,okvqa_val_00893,15,,,,0.0,0.0,,,,,,0.0625,ok,,shuffled_mask,,,1,-0.0625
qwen,plt_group_restore,multi_evidence_supported,okvqa_val_00893,15,,,,0.0625,0.0,,,,,,0.1875,ok,,shuffled_mask,,,4,-0.125
qwen,plt_group_restore,multi_evidence_supported,okvqa_val_00893,15,,,,0.0625,0.0,,,,,,0.1875,ok,,shuffled_mask,,,8,-0.125
qwen,plt_group_restore,multi_evidence_supported,okvqa_val_00893,15,,,,0.0625,0.0,,,,,,0.1875,ok,,shuffled_mask,,,16,-0.125
qwen,plt_group_restore,multi_evidence_supported,okvqa_val_00893,15,,,,0.0625,0.0,,,,,,0.1875,ok,,shuffled_mask,,,32,-0.125
qwen,plt_group_restore,multi_evidence_supported,okvqa_val_00893,15,,,,0.0625,0.0,,,,,,0.1875,ok,,shuffled_mask,,,64,-0.125
qwen,plt_group_restore,multi_evidence_supported,okvqa_val_258605,15,,,,0.0625,1.0,,,,,,-0.0625,ok,,answer_mask,,,1,0.125
qwen,plt_group_restore,multi_evidence_supported,okvqa_val_258605,15,,,,0.0625,0.0,,,,,,-0.0625,ok,,answer_mask,,,4,0.125
qwen,plt_group_restore,multi_evidence_supported,okvqa_val_258605,15,,,,0.0625,0.0,,,,,,-0.0625,ok,,answer_mask,,,8,0.125
qwen,plt_group_restore,multi_evidence_supported,okvqa_val_258605,15,,,,0.0625,0.0,,,,,,-0.0625,ok,,answer_mask,,,16,0.125
qwen,plt_group_restore,multi_evidence_supported,okvqa_val_258605,15,,,,0.0625,0.0,,,,,,-0.0625,ok,,answer_mask,,,32,0.125
qwen,plt_group_restore,multi_evidence_supported,okvqa_val_258605,15,,,,0.0625,0.0,,,,,,-0.0625,ok,,answer_mask,,,64,0.125
qwen,plt_group_restore,multi_evidence_supported,okvqa_val_258605,15,,,,0.0625,1.0,,,,,,-0.0625,ok,,union_mask,,,1,0.125
qwen,plt_group_restore,multi_evidence_supported,okvqa_val_258605,15,,,,0.0625,0.0,,,,,,-0.0625,ok,,union_mask,,,4,0.125
qwen,plt_group_restore,multi_evidence_supported,okvqa_val_258605,15,,,,0.0625,0.0,,,,,,-0.0625,ok,,union_mask,,,8,0.125
qwen,plt_group_restore,multi_evidence_supported,okvqa_val_258605,15,,,,0.0625,0.0,,,,,,-0.0625,ok,,union_mask,,,16,0.125
qwen,plt_group_restore,multi_evidence_supported,okvqa_val_258605,15,,,,0.0625,0.0,,,,,,-0.0625,ok,,union_mask,,,32,0.125
qwen,plt_group_restore,multi_evidence_supported,okvqa_val_258605,15,,,,0.0625,0.0,,,,,,-0.0625,ok,,union_mask,,,64,0.125
qwen,plt_group_restore,multi_evidence_supported,okvqa_val_258605,15,,,,0.0,0.0,,,,,,0.0,ok,,shifted_mask,,,1,0.0
qwen,plt_group_restore,multi_evidence_supported,okvqa_val_258605,15,,,,0.0,0.0,,,,,,0.0,ok,,shifted_mask,,,4,0.0
qwen,plt_group_restore,multi_evidence_supported,okvqa_val_258605,15,,,,0.0,0.0,,,,,,0.0,ok,,shifted_mask,,,8,0.0
qwen,plt_group_restore,multi_evidence_supported,okvqa_val_258605,15,,,,0.0,0.0,,,,,,0.0,ok,,shifted_mask,,,16,0.0
qwen,plt_group_restore,multi_evidence_supported,okvqa_val_258605,15,,,,0.0,0.0,,,,,,0.0,ok,,shifted_mask,,,32,0.0
qwen,plt_group_restore,multi_evidence_supported,okvqa_val_258605,15,,,,0.0,0.0,,,,,,0.0,ok,,shifted_mask,,,64,0.0
qwen,plt_group_restore,multi_evidence_supported,okvqa_val_258605,15,,,,0.0625,0.0,,,,,,0.0625,ok,,shuffled_mask,,,1,0.0
qwen,plt_group_restore,multi_evidence_supported,okvqa_val_258605,15,,,,0.0,1.0,,,,,,0.125,ok,,shuffled_mask,,,4,-0.125
qwen,plt_group_restore,multi_evidence_supported,okvqa_val_258605,15,,,,0.0,1.0,,,,,,0.125,ok,,shuffled_mask,,,8,-0.125
qwen,plt_group_restore,multi_evidence_supported,okvqa_val_258605,15,,,,0.0,1.0,,,,,,0.125,ok,,shuffled_mask,,,16,-0.125
qwen,plt_group_restore,multi_evidence_supported,okvqa_val_258605,15,,,,0.0,1.0,,,,,,0.125,ok,,shuffled_mask,,,32,-0.125
qwen,plt_group_restore,multi_evidence_supported,okvqa_val_258605,15,,,,0.0,1.0,,,,,,0.125,ok,,shuffled_mask,,,64,-0.125
qwen,plt_group_restore,multi_evidence_supported,okvqa_val_00310,17,,,,0.0625,14.0,,,,,,0.0625,ok,,answer_mask,,,1,0.0
qwen,plt_group_restore,multi_evidence_supported,okvqa_val_00310,17,,,,0.03125,13.0,,,,,,0.03125,ok,,answer_mask,,,4,0.0
qwen,plt_group_restore,multi_evidence_supported,okvqa_val_00310,17,,,,0.03125,13.0,,,,,,0.03125,ok,,answer_mask,,,8,0.0
qwen,plt_group_restore,multi_evidence_supported,okvqa_val_00310,17,,,,0.03125,13.0,,,,,,0.03125,ok,,answer_mask,,,16,0.0
qwen,plt_group_restore,multi_evidence_supported,okvqa_val_00310,17,,,,0.03125,13.0,,,,,,0.03125,ok,,answer_mask,,,32,0.0
qwen,plt_group_restore,multi_evidence_supported,okvqa_val_00310,17,,,,0.03125,13.0,,,,,,0.03125,ok,,answer_mask,,,64,0.0
qwen,plt_group_restore,multi_evidence_supported,okvqa_val_00310,17,,,,0.0625,14.0,,,,,,0.0625,ok,,union_mask,,,1,0.0
qwen,plt_group_restore,multi_evidence_supported,okvqa_val_00310,17,,,,0.03125,13.0,,,,,,0.03125,ok,,union_mask,,,4,0.0
qwen,plt_group_restore,multi_evidence_supported,okvqa_val_00310,17,,,,0.03125,13.0,,,,,,0.03125,ok,,union_mask,,,8,0.0
qwen,plt_group_restore,multi_evidence_supported,okvqa_val_00310,17,,,,0.03125,13.0,,,,,,0.03125,ok,,union_mask,,,16,0.0
qwen,plt_group_restore,multi_evidence_supported,okvqa_val_00310,17,,,,0.03125,13.0,,,,,,0.03125,ok,,union_mask,,,32,0.0
qwen,plt_group_restore,multi_evidence_supported,okvqa_val_00310,17,,,,0.03125,13.0,,,,,,0.03125,ok,,union_mask,,,64,0.0
qwen,plt_group_restore,multi_evidence_supported,okvqa_val_00310,17,,,,0.0,0.0,,,,,,0.0,ok,,shifted_mask,,,1,0.0
qwen,plt_group_restore,multi_evidence_supported,okvqa_val_00310,17,,,,0.0,0.0,,,,,,0.0,ok,,shifted_mask,,,4,0.0
qwen,plt_group_restore,multi_evidence_supported,okvqa_val_00310,17,,,,0.0,0.0,,,,,,0.0,ok,,shifted_mask,,,8,0.0
qwen,plt_group_restore,multi_evidence_supported,okvqa_val_00310,17,,,,0.0,0.0,,,,,,0.0,ok,,shifted_mask,,,16,0.0
qwen,plt_group_restore,multi_evidence_supported,okvqa_val_00310,17,,,,0.0,0.0,,,,,,0.0,ok,,shifted_mask,,,32,0.0
qwen,plt_group_restore,multi_evidence_supported,okvqa_val_00310,17,,,,0.0,0.0,,,,,,0.0,ok,,shifted_mask,,,64,0.0
qwen,plt_group_restore,multi_evidence_supported,okvqa_val_00310,17,,,,-0.0625,0.0,,,,,,0.0,ok,,shuffled_mask,,,1,-0.0625
qwen,plt_group_restore,multi_evidence_supported,okvqa_val_00310,17,,,,0.0625,0.0,,,,,,0.0625,ok,,shuffled_mask,,,4,0.0
qwen,plt_group_restore,multi_evidence_supported,okvqa_val_00310,17,,,,0.0625,0.0,,,,,,0.0625,ok,,shuffled_mask,,,8,0.0
qwen,plt_group_restore,multi_evidence_supported,okvqa_val_00310,17,,,,0.0625,0.0,,,,,,0.0625,ok,,shuffled_mask,,,16,0.0
qwen,plt_group_restore,multi_evidence_supported,okvqa_val_00310,17,,,,0.0625,0.0,,,,,,0.0625,ok,,shuffled_mask,,,32,0.0
qwen,plt_group_restore,multi_evidence_supported,okvqa_val_00310,17,,,,0.0625,0.0,,,,,,0.0625,ok,,shuffled_mask,,,64,0.0
qwen,plt_group_restore,multi_evidence_supported,okvqa_val_00893,17,,,,0.0,0.0,,,,,,0.0,ok,,answer_mask,,,1,0.0
qwen,plt_group_restore,multi_evidence_supported,okvqa_val_00893,17,,,,-0.125,0.0,,,,,,-0.0625,ok,,answer_mask,,,4,-0.0625
qwen,plt_group_restore,multi_evidence_supported,okvqa_val_00893,17,,,,-0.125,0.0,,,,,,-0.0625,ok,,answer_mask,,,8,-0.0625
qwen,plt_group_restore,multi_evidence_supported,okvqa_val_00893,17,,,,-0.125,0.0,,,,,,-0.0625,ok,,answer_mask,,,16,-0.0625
qwen,plt_group_restore,multi_evidence_supported,okvqa_val_00893,17,,,,-0.125,0.0,,,,,,-0.0625,ok,,answer_mask,,,32,-0.0625
qwen,plt_group_restore,multi_evidence_supported,okvqa_val_00893,17,,,,-0.125,0.0,,,,,,-0.0625,ok,,answer_mask,,,64,-0.0625
qwen,plt_group_restore,multi_evidence_supported,okvqa_val_00893,17,,,,0.0,0.0,,,,,,0.0,ok,,union_mask,,,1,0.0
qwen,plt_group_restore,multi_evidence_supported,okvqa_val_00893,17,,,,-0.125,0.0,,,,,,-0.0625,ok,,union_mask,,,4,-0.0625
qwen,plt_group_restore,multi_evidence_supported,okvqa_val_00893,17,,,,-0.125,0.0,,,,,,-0.0625,ok,,union_mask,,,8,-0.0625
qwen,plt_group_restore,multi_evidence_supported,okvqa_val_00893,17,,,,-0.125,0.0,,,,,,-0.0625,ok,,union_mask,,,16,-0.0625
qwen,plt_group_restore,multi_evidence_supported,okvqa_val_00893,17,,,,-0.125,0.0,,,,,,-0.0625,ok,,union_mask,,,32,-0.0625
qwen,plt_group_restore,multi_evidence_supported,okvqa_val_00893,17,,,,-0.125,0.0,,,,,,-0.0625,ok,,union_mask,,,64,-0.0625
qwen,plt_group_restore,multi_evidence_supported,okvqa_val_00893,17,,,,0.0,1.0,,,,,,-0.0625,ok,,shifted_mask,,,1,0.0625
qwen,plt_group_restore,multi_evidence_supported,okvqa_val_00893,17,,,,-0.125,0.0,,,,,,-0.125,ok,,shifted_mask,,,4,0.0
qwen,plt_group_restore,multi_evidence_supported,okvqa_val_00893,17,,,,-0.125,0.0,,,,,,-0.125,ok,,shifted_mask,,,8,0.0
qwen,plt_group_restore,multi_evidence_supported,okvqa_val_00893,17,,,,-0.125,0.0,,,,,,-0.125,ok,,shifted_mask,,,16,0.0
qwen,plt_group_restore,multi_evidence_supported,okvqa_val_00893,17,,,,-0.125,0.0,,,,,,-0.125,ok,,shifted_mask,,,32,0.0
qwen,plt_group_restore,multi_evidence_supported,okvqa_val_00893,17,,,,-0.125,0.0,,,,,,-0.125,ok,,shifted_mask,,,64,0.0
qwen,plt_group_restore,multi_evidence_supported,okvqa_val_00893,17,,,,-0.0625,0.0,,,,,,0.0,ok,,shuffled_mask,,,1,-0.0625
qwen,plt_group_restore,multi_evidence_supported,okvqa_val_00893,17,,,,-0.125,0.0,,,,,,0.0,ok,,shuffled_mask,,,4,-0.125
qwen,plt_group_restore,multi_evidence_supported,okvqa_val_00893,17,,,,-0.125,0.0,,,,,,0.0,ok,,shuffled_mask,,,8,-0.125
qwen,plt_group_restore,multi_evidence_supported,okvqa_val_00893,17,,,,-0.125,0.0,,,,,,0.0,ok,,shuffled_mask,,,16,-0.125
qwen,plt_group_restore,multi_evidence_supported,okvqa_val_00893,17,,,,-0.125,0.0,,,,,,0.0,ok,,shuffled_mask,,,32,-0.125
qwen,plt_group_restore,multi_evidence_supported,okvqa_val_00893,17,,,,-0.125,0.0,,,,,,0.0,ok,,shuffled_mask,,,64,-0.125
qwen,plt_group_restore,multi_evidence_supported,okvqa_val_258605,17,,,,0.0625,1.0,,,,,,0.0625,ok,,answer_mask,,,1,0.0
qwen,plt_group_restore,multi_evidence_supported,okvqa_val_258605,17,,,,0.0,1.0,,,,,,0.0,ok,,answer_mask,,,4,0.0
qwen,plt_group_restore,multi_evidence_supported,okvqa_val_258605,17,,,,0.0,1.0,,,,,,0.0,ok,,answer_mask,,,8,0.0
qwen,plt_group_restore,multi_evidence_supported,okvqa_val_258605,17,,,,0.0,1.0,,,,,,0.0,ok,,answer_mask,,,16,0.0
qwen,plt_group_restore,multi_evidence_supported,okvqa_val_258605,17,,,,0.0,1.0,,,,,,0.0,ok,,answer_mask,,,32,0.0
qwen,plt_group_restore,multi_evidence_supported,okvqa_val_258605,17,,,,0.0,1.0,,,,,,0.0,ok,,answer_mask,,,64,0.0
qwen,plt_group_restore,multi_evidence_supported,okvqa_val_258605,17,,,,0.0625,1.0,,,,,,0.0625,ok,,union_mask,,,1,0.0
qwen,plt_group_restore,multi_evidence_supported,okvqa_val_258605,17,,,,0.0,1.0,,,,,,0.0,ok,,union_mask,,,4,0.0
qwen,plt_group_restore,multi_evidence_supported,okvqa_val_258605,17,,,,0.0,1.0,,,,,,0.0,ok,,union_mask,,,8,0.0
qwen,plt_group_restore,multi_evidence_supported,okvqa_val_258605,17,,,,0.0,1.0,,,,,,0.0,ok,,union_mask,,,16,0.0
qwen,plt_group_restore,multi_evidence_supported,okvqa_val_258605,17,,,,0.0,1.0,,,,,,0.0,ok,,union_mask,,,32,0.0
qwen,plt_group_restore,multi_evidence_supported,okvqa_val_258605,17,,,,0.0,1.0,,,,,,0.0,ok,,union_mask,,,64,0.0
qwen,plt_group_restore,multi_evidence_supported,okvqa_val_258605,17,,,,0.0625,0.0,,,,,,-0.0625,ok,,shifted_mask,,,1,0.125
qwen,plt_group_restore,multi_evidence_supported,okvqa_val_258605,17,,,,0.0625,2.0,,,,,,-0.0625,ok,,shifted_mask,,,4,0.125
qwen,plt_group_restore,multi_evidence_supported,okvqa_val_258605,17,,,,0.0625,2.0,,,,,,-0.0625,ok,,shifted_mask,,,8,0.125
qwen,plt_group_restore,multi_evidence_supported,okvqa_val_258605,17,,,,0.0625,2.0,,,,,,-0.0625,ok,,shifted_mask,,,16,0.125
qwen,plt_group_restore,multi_evidence_supported,okvqa_val_258605,17,,,,0.0625,2.0,,,,,,-0.0625,ok,,shifted_mask,,,32,0.125
qwen,plt_group_restore,multi_evidence_supported,okvqa_val_258605,17,,,,0.0625,2.0,,,,,,-0.0625,ok,,shifted_mask,,,64,0.125
qwen,plt_group_restore,multi_evidence_supported,okvqa_val_258605,17,,,,0.0,0.0,,,,,,0.125,ok,,shuffled_mask,,,1,-0.125
qwen,plt_group_restore,multi_evidence_supported,okvqa_val_258605,17,,,,-0.0625,0.0,,,,,,0.0625,ok,,shuffled_mask,,,4,-0.125
qwen,plt_group_restore,multi_evidence_supported,okvqa_val_258605,17,,,,-0.0625,0.0,,,,,,0.0625,ok,,shuffled_mask,,,8,-0.125
qwen,plt_group_restore,multi_evidence_supported,okvqa_val_258605,17,,,,-0.0625,0.0,,,,,,0.0625,ok,,shuffled_mask,,,16,-0.125
qwen,plt_group_restore,multi_evidence_supported,okvqa_val_258605,17,,,,-0.0625,0.0,,,,,,0.0625,ok,,shuffled_mask,,,32,-0.125
qwen,plt_group_restore,multi_evidence_supported,okvqa_val_258605,17,,,,-0.0625,0.0,,,,,,0.0625,ok,,shuffled_mask,,,64,-0.125
