rank,sample_id,question_text,answer_text,image_filename,image_url,local_image_path,original_image_path,sample_type,region_A_role,region_B_role,mask_dir,region_A_mask_path,region_B_mask_path,region_A_union_B_mask_path,random_A_size_mask_path,random_B_size_mask_path,random_union_size_mask_path,wrong_image_sample_id,wrong_image_filename,wrong_image_path,candidate_source,legacy_visual_type_label,legacy_knowledge_level_label,annotation_status
1,okvqa_val_02108,Who invented the transportation device in this picture?,richard trevithick,COCO_val2014_000000160394.jpg,images/COCO_val2014_000000160394.jpg,E:\Bridging\paper2_compositional_evidence_routing\annotation\stage1_ab_evidence_pack_v1\images\COCO_val2014_000000160394.jpg,E:\Bridging\annotation\okvqa_type_label_round4_400_mobile_package\images\COCO_val2014_000000160394.jpg,relation_reasoning,object or actor participating in relation,related object/context needed to resolve relation,E:\Bridging\paper2_compositional_evidence_routing\annotation\stage1_ab_evidence_pack_v1\exported_masks\COCO_val2014_000000160394,E:\Bridging\paper2_compositional_evidence_routing\annotation\stage1_ab_evidence_pack_v1\exported_masks\COCO_val2014_000000160394\region_A.png,E:\Bridging\paper2_compositional_evidence_routing\annotation\stage1_ab_evidence_pack_v1\exported_masks\COCO_val2014_000000160394\region_B.png,E:\Bridging\paper2_compositional_evidence_routing\annotation\stage1_ab_evidence_pack_v1\exported_masks\COCO_val2014_000000160394\region_A_union_B.png,E:\Bridging\paper2_compositional_evidence_routing\annotation\stage1_ab_evidence_pack_v1\exported_masks\COCO_val2014_000000160394\random_A_size.png,E:\Bridging\paper2_compositional_evidence_routing\annotation\stage1_ab_evidence_pack_v1\exported_masks\COCO_val2014_000000160394\random_B_size.png,E:\Bridging\paper2_compositional_evidence_routing\annotation\stage1_ab_evidence_pack_v1\exported_masks\COCO_val2014_000000160394\random_union_size.png,okvqa_val_01236,COCO_val2014_000000573455.jpg,E:\Bridging\paper2_compositional_evidence_routing\annotation\stage1_ab_evidence_pack_v1\images\COCO_val2014_000000573455.jpg,annotation\okvqa_type_label_round4_400_mobile_package\manifest.csv,multi_region,high,needs_region_masks
2,okvqa_val_01236,How many stomachs does this animal have?,3,COCO_val2014_000000573455.jpg,images/COCO_val2014_000000573455.jpg,E:\Bridging\paper2_compositional_evidence_routing\annotation\stage1_ab_evidence_pack_v1\images\COCO_val2014_000000573455.jpg,E:\Bridging\annotation\okvqa_type_label_round4_400_mobile_package\images\COCO_val2014_000000573455.jpg,relation_reasoning,object or actor participating in relation,related object/context needed to resolve relation,E:\Bridging\paper2_compositional_evidence_routing\annotation\stage1_ab_evidence_pack_v1\exported_masks\COCO_val2014_000000573455,E:\Bridging\paper2_compositional_evidence_routing\annotation\stage1_ab_evidence_pack_v1\exported_masks\COCO_val2014_000000573455\region_A.png,E:\Bridging\paper2_compositional_evidence_routing\annotation\stage1_ab_evidence_pack_v1\exported_masks\COCO_val2014_000000573455\region_B.png,E:\Bridging\paper2_compositional_evidence_routing\annotation\stage1_ab_evidence_pack_v1\exported_masks\COCO_val2014_000000573455\region_A_union_B.png,E:\Bridging\paper2_compositional_evidence_routing\annotation\stage1_ab_evidence_pack_v1\exported_masks\COCO_val2014_000000573455\random_A_size.png,E:\Bridging\paper2_compositional_evidence_routing\annotation\stage1_ab_evidence_pack_v1\exported_masks\COCO_val2014_000000573455\random_B_size.png,E:\Bridging\paper2_compositional_evidence_routing\annotation\stage1_ab_evidence_pack_v1\exported_masks\COCO_val2014_000000573455\random_union_size.png,okvqa_val_04292,COCO_val2014_000000152360.jpg,E:\Bridging\paper2_compositional_evidence_routing\annotation\stage1_ab_evidence_pack_v1\images\COCO_val2014_000000152360.jpg,annotation\okvqa_type_label_round4_400_mobile_package\manifest.csv,multi_region,high,needs_region_masks
3,okvqa_val_04292,Are the leaves of the plant that produce this yellow fruit long or short?,long,COCO_val2014_000000152360.jpg,images/COCO_val2014_000000152360.jpg,E:\Bridging\paper2_compositional_evidence_routing\annotation\stage1_ab_evidence_pack_v1\images\COCO_val2014_000000152360.jpg,E:\Bridging\annotation\okvqa_type_label_round4_400_mobile_package\images\COCO_val2014_000000152360.jpg,relation_reasoning,object or actor participating in relation,related object/context needed to resolve relation,E:\Bridging\paper2_compositional_evidence_routing\annotation\stage1_ab_evidence_pack_v1\exported_masks\COCO_val2014_000000152360,E:\Bridging\paper2_compositional_evidence_routing\annotation\stage1_ab_evidence_pack_v1\exported_masks\COCO_val2014_000000152360\region_A.png,E:\Bridging\paper2_compositional_evidence_routing\annotation\stage1_ab_evidence_pack_v1\exported_masks\COCO_val2014_000000152360\region_B.png,E:\Bridging\paper2_compositional_evidence_routing\annotation\stage1_ab_evidence_pack_v1\exported_masks\COCO_val2014_000000152360\region_A_union_B.png,E:\Bridging\paper2_compositional_evidence_routing\annotation\stage1_ab_evidence_pack_v1\exported_masks\COCO_val2014_000000152360\random_A_size.png,E:\Bridging\paper2_compositional_evidence_routing\annotation\stage1_ab_evidence_pack_v1\exported_masks\COCO_val2014_000000152360\random_B_size.png,E:\Bridging\paper2_compositional_evidence_routing\annotation\stage1_ab_evidence_pack_v1\exported_masks\COCO_val2014_000000152360\random_union_size.png,okvqa_val_01199,COCO_val2014_000000521236.jpg,E:\Bridging\paper2_compositional_evidence_routing\annotation\stage1_ab_evidence_pack_v1\images\COCO_val2014_000000521236.jpg,annotation\okvqa_type_label_round4_400_mobile_package\manifest.csv,multi_region,medium,needs_region_masks
4,okvqa_val_01199,What is the typical habitat for these animals?,wood,COCO_val2014_000000521236.jpg,images/COCO_val2014_000000521236.jpg,E:\Bridging\paper2_compositional_evidence_routing\annotation\stage1_ab_evidence_pack_v1\images\COCO_val2014_000000521236.jpg,E:\Bridging\annotation\okvqa_type_label_round4_400_mobile_package\images\COCO_val2014_000000521236.jpg,relation_reasoning,object or actor participating in relation,related object/context needed to resolve relation,E:\Bridging\paper2_compositional_evidence_routing\annotation\stage1_ab_evidence_pack_v1\exported_masks\COCO_val2014_000000521236,E:\Bridging\paper2_compositional_evidence_routing\annotation\stage1_ab_evidence_pack_v1\exported_masks\COCO_val2014_000000521236\region_A.png,E:\Bridging\paper2_compositional_evidence_routing\annotation\stage1_ab_evidence_pack_v1\exported_masks\COCO_val2014_000000521236\region_B.png,E:\Bridging\paper2_compositional_evidence_routing\annotation\stage1_ab_evidence_pack_v1\exported_masks\COCO_val2014_000000521236\region_A_union_B.png,E:\Bridging\paper2_compositional_evidence_routing\annotation\stage1_ab_evidence_pack_v1\exported_masks\COCO_val2014_000000521236\random_A_size.png,E:\Bridging\paper2_compositional_evidence_routing\annotation\stage1_ab_evidence_pack_v1\exported_masks\COCO_val2014_000000521236\random_B_size.png,E:\Bridging\paper2_compositional_evidence_routing\annotation\stage1_ab_evidence_pack_v1\exported_masks\COCO_val2014_000000521236\random_union_size.png,okvqa_val_02359,COCO_val2014_000000507766.jpg,E:\Bridging\paper2_compositional_evidence_routing\annotation\stage1_ab_evidence_pack_v1\images\COCO_val2014_000000507766.jpg,annotation\okvqa_type_label_round4_400_mobile_package\manifest.csv,multi_region,medium,needs_region_masks
5,okvqa_val_02359,What kind of birds are these?,seagull,COCO_val2014_000000507766.jpg,images/COCO_val2014_000000507766.jpg,E:\Bridging\paper2_compositional_evidence_routing\annotation\stage1_ab_evidence_pack_v1\images\COCO_val2014_000000507766.jpg,E:\Bridging\annotation\okvqa_type_label_round4_400_mobile_package\images\COCO_val2014_000000507766.jpg,relation_reasoning,object or actor participating in relation,related object/context needed to resolve relation,E:\Bridging\paper2_compositional_evidence_routing\annotation\stage1_ab_evidence_pack_v1\exported_masks\COCO_val2014_000000507766,E:\Bridging\paper2_compositional_evidence_routing\annotation\stage1_ab_evidence_pack_v1\exported_masks\COCO_val2014_000000507766\region_A.png,E:\Bridging\paper2_compositional_evidence_routing\annotation\stage1_ab_evidence_pack_v1\exported_masks\COCO_val2014_000000507766\region_B.png,E:\Bridging\paper2_compositional_evidence_routing\annotation\stage1_ab_evidence_pack_v1\exported_masks\COCO_val2014_000000507766\region_A_union_B.png,E:\Bridging\paper2_compositional_evidence_routing\annotation\stage1_ab_evidence_pack_v1\exported_masks\COCO_val2014_000000507766\random_A_size.png,E:\Bridging\paper2_compositional_evidence_routing\annotation\stage1_ab_evidence_pack_v1\exported_masks\COCO_val2014_000000507766\random_B_size.png,E:\Bridging\paper2_compositional_evidence_routing\annotation\stage1_ab_evidence_pack_v1\exported_masks\COCO_val2014_000000507766\random_union_size.png,okvqa_val_02785,COCO_val2014_000000422622.jpg,E:\Bridging\paper2_compositional_evidence_routing\annotation\stage1_ab_evidence_pack_v1\images\COCO_val2014_000000422622.jpg,annotation\okvqa_type_label_round4_400_mobile_package\manifest.csv,multi_region,medium,needs_region_masks
6,okvqa_val_02785,What condition are these athletes trying to prevent with their clothing?,hypothermia,COCO_val2014_000000422622.jpg,images/COCO_val2014_000000422622.jpg,E:\Bridging\paper2_compositional_evidence_routing\annotation\stage1_ab_evidence_pack_v1\images\COCO_val2014_000000422622.jpg,E:\Bridging\annotation\okvqa_type_label_round4_400_mobile_package\images\COCO_val2014_000000422622.jpg,relation_reasoning,object or actor participating in relation,related object/context needed to resolve relation,E:\Bridging\paper2_compositional_evidence_routing\annotation\stage1_ab_evidence_pack_v1\exported_masks\COCO_val2014_000000422622,E:\Bridging\paper2_compositional_evidence_routing\annotation\stage1_ab_evidence_pack_v1\exported_masks\COCO_val2014_000000422622\region_A.png,E:\Bridging\paper2_compositional_evidence_routing\annotation\stage1_ab_evidence_pack_v1\exported_masks\COCO_val2014_000000422622\region_B.png,E:\Bridging\paper2_compositional_evidence_routing\annotation\stage1_ab_evidence_pack_v1\exported_masks\COCO_val2014_000000422622\region_A_union_B.png,E:\Bridging\paper2_compositional_evidence_routing\annotation\stage1_ab_evidence_pack_v1\exported_masks\COCO_val2014_000000422622\random_A_size.png,E:\Bridging\paper2_compositional_evidence_routing\annotation\stage1_ab_evidence_pack_v1\exported_masks\COCO_val2014_000000422622\random_B_size.png,E:\Bridging\paper2_compositional_evidence_routing\annotation\stage1_ab_evidence_pack_v1\exported_masks\COCO_val2014_000000422622\random_union_size.png,okvqa_val_00310,COCO_val2014_000000358883.jpg,E:\Bridging\paper2_compositional_evidence_routing\annotation\stage1_ab_evidence_pack_v1\images\COCO_val2014_000000358883.jpg,annotation\okvqa_type_label_round4_400_mobile_package\manifest.csv,multi_region,medium,needs_region_masks
7,okvqa_val_00310,How do we know that this bathroom is probably in a high rise building?,view,COCO_val2014_000000358883.jpg,images/COCO_val2014_000000358883.jpg,E:\Bridging\paper2_compositional_evidence_routing\annotation\stage1_ab_evidence_pack_v1\images\COCO_val2014_000000358883.jpg,E:\Bridging\annotation\okvqa_type_label_round4_400_mobile_package\images\COCO_val2014_000000358883.jpg,relation_reasoning,object or actor participating in relation,related object/context needed to resolve relation,E:\Bridging\paper2_compositional_evidence_routing\annotation\stage1_ab_evidence_pack_v1\exported_masks\COCO_val2014_000000358883,E:\Bridging\paper2_compositional_evidence_routing\annotation\stage1_ab_evidence_pack_v1\exported_masks\COCO_val2014_000000358883\region_A.png,E:\Bridging\paper2_compositional_evidence_routing\annotation\stage1_ab_evidence_pack_v1\exported_masks\COCO_val2014_000000358883\region_B.png,E:\Bridging\paper2_compositional_evidence_routing\annotation\stage1_ab_evidence_pack_v1\exported_masks\COCO_val2014_000000358883\region_A_union_B.png,E:\Bridging\paper2_compositional_evidence_routing\annotation\stage1_ab_evidence_pack_v1\exported_masks\COCO_val2014_000000358883\random_A_size.png,E:\Bridging\paper2_compositional_evidence_routing\annotation\stage1_ab_evidence_pack_v1\exported_masks\COCO_val2014_000000358883\random_B_size.png,E:\Bridging\paper2_compositional_evidence_routing\annotation\stage1_ab_evidence_pack_v1\exported_masks\COCO_val2014_000000358883\random_union_size.png,okvqa_val_00893,COCO_val2014_000000028236.jpg,E:\Bridging\paper2_compositional_evidence_routing\annotation\stage1_ab_evidence_pack_v1\images\COCO_val2014_000000028236.jpg,annotation\okvqa_type_label_round4_400_mobile_package\manifest.csv,multi_region,low,needs_region_masks
8,okvqa_val_00893,How does this train run?,electricity,COCO_val2014_000000028236.jpg,images/COCO_val2014_000000028236.jpg,E:\Bridging\paper2_compositional_evidence_routing\annotation\stage1_ab_evidence_pack_v1\images\COCO_val2014_000000028236.jpg,E:\Bridging\annotation\okvqa_type_label_round4_400_mobile_package\images\COCO_val2014_000000028236.jpg,relation_reasoning,object or actor participating in relation,related object/context needed to resolve relation,E:\Bridging\paper2_compositional_evidence_routing\annotation\stage1_ab_evidence_pack_v1\exported_masks\COCO_val2014_000000028236,E:\Bridging\paper2_compositional_evidence_routing\annotation\stage1_ab_evidence_pack_v1\exported_masks\COCO_val2014_000000028236\region_A.png,E:\Bridging\paper2_compositional_evidence_routing\annotation\stage1_ab_evidence_pack_v1\exported_masks\COCO_val2014_000000028236\region_B.png,E:\Bridging\paper2_compositional_evidence_routing\annotation\stage1_ab_evidence_pack_v1\exported_masks\COCO_val2014_000000028236\region_A_union_B.png,E:\Bridging\paper2_compositional_evidence_routing\annotation\stage1_ab_evidence_pack_v1\exported_masks\COCO_val2014_000000028236\random_A_size.png,E:\Bridging\paper2_compositional_evidence_routing\annotation\stage1_ab_evidence_pack_v1\exported_masks\COCO_val2014_000000028236\random_B_size.png,E:\Bridging\paper2_compositional_evidence_routing\annotation\stage1_ab_evidence_pack_v1\exported_masks\COCO_val2014_000000028236\random_union_size.png,okvqa_val_01692,COCO_val2014_000000229753.jpg,E:\Bridging\paper2_compositional_evidence_routing\annotation\stage1_ab_evidence_pack_v1\images\COCO_val2014_000000229753.jpg,annotation\okvqa_type_label_round4_400_mobile_package\manifest.csv,multi_region,low,needs_region_masks
9,okvqa_val_01692,What do these animals eat?,leaf,COCO_val2014_000000229753.jpg,images/COCO_val2014_000000229753.jpg,E:\Bridging\paper2_compositional_evidence_routing\annotation\stage1_ab_evidence_pack_v1\images\COCO_val2014_000000229753.jpg,E:\Bridging\annotation\okvqa_type_label_round4_400_mobile_package\images\COCO_val2014_000000229753.jpg,relation_reasoning,object or actor participating in relation,related object/context needed to resolve relation,E:\Bridging\paper2_compositional_evidence_routing\annotation\stage1_ab_evidence_pack_v1\exported_masks\COCO_val2014_000000229753,E:\Bridging\paper2_compositional_evidence_routing\annotation\stage1_ab_evidence_pack_v1\exported_masks\COCO_val2014_000000229753\region_A.png,E:\Bridging\paper2_compositional_evidence_routing\annotation\stage1_ab_evidence_pack_v1\exported_masks\COCO_val2014_000000229753\region_B.png,E:\Bridging\paper2_compositional_evidence_routing\annotation\stage1_ab_evidence_pack_v1\exported_masks\COCO_val2014_000000229753\region_A_union_B.png,E:\Bridging\paper2_compositional_evidence_routing\annotation\stage1_ab_evidence_pack_v1\exported_masks\COCO_val2014_000000229753\random_A_size.png,E:\Bridging\paper2_compositional_evidence_routing\annotation\stage1_ab_evidence_pack_v1\exported_masks\COCO_val2014_000000229753\random_B_size.png,E:\Bridging\paper2_compositional_evidence_routing\annotation\stage1_ab_evidence_pack_v1\exported_masks\COCO_val2014_000000229753\random_union_size.png,okvqa_val_01960,COCO_val2014_000000546964.jpg,E:\Bridging\paper2_compositional_evidence_routing\annotation\stage1_ab_evidence_pack_v1\images\COCO_val2014_000000546964.jpg,annotation\okvqa_type_label_round4_400_mobile_package\manifest.csv,multi_region,low,needs_region_masks
10,okvqa_val_01960,What kind of couch is that?,sofa,COCO_val2014_000000546964.jpg,images/COCO_val2014_000000546964.jpg,E:\Bridging\paper2_compositional_evidence_routing\annotation\stage1_ab_evidence_pack_v1\images\COCO_val2014_000000546964.jpg,E:\Bridging\annotation\okvqa_type_label_round4_400_mobile_package\images\COCO_val2014_000000546964.jpg,relation_reasoning,object or actor participating in relation,related object/context needed to resolve relation,E:\Bridging\paper2_compositional_evidence_routing\annotation\stage1_ab_evidence_pack_v1\exported_masks\COCO_val2014_000000546964,E:\Bridging\paper2_compositional_evidence_routing\annotation\stage1_ab_evidence_pack_v1\exported_masks\COCO_val2014_000000546964\region_A.png,E:\Bridging\paper2_compositional_evidence_routing\annotation\stage1_ab_evidence_pack_v1\exported_masks\COCO_val2014_000000546964\region_B.png,E:\Bridging\paper2_compositional_evidence_routing\annotation\stage1_ab_evidence_pack_v1\exported_masks\COCO_val2014_000000546964\region_A_union_B.png,E:\Bridging\paper2_compositional_evidence_routing\annotation\stage1_ab_evidence_pack_v1\exported_masks\COCO_val2014_000000546964\random_A_size.png,E:\Bridging\paper2_compositional_evidence_routing\annotation\stage1_ab_evidence_pack_v1\exported_masks\COCO_val2014_000000546964\random_B_size.png,E:\Bridging\paper2_compositional_evidence_routing\annotation\stage1_ab_evidence_pack_v1\exported_masks\COCO_val2014_000000546964\random_union_size.png,okvqa_val_03127,COCO_val2014_000000223554.jpg,E:\Bridging\paper2_compositional_evidence_routing\annotation\stage1_ab_evidence_pack_v1\images\COCO_val2014_000000223554.jpg,annotation\okvqa_type_label_round4_400_mobile_package\manifest.csv,multi_region,low,needs_region_masks
11,okvqa_val_03127,Which animal shown is closely associated with roof nests and holland?,pelican,COCO_val2014_000000223554.jpg,images/COCO_val2014_000000223554.jpg,E:\Bridging\paper2_compositional_evidence_routing\annotation\stage1_ab_evidence_pack_v1\images\COCO_val2014_000000223554.jpg,E:\Bridging\annotation\okvqa_type_label_round4_400_mobile_package\images\COCO_val2014_000000223554.jpg,comparison_reasoning,first compared object / quantity,second compared object / quantity,E:\Bridging\paper2_compositional_evidence_routing\annotation\stage1_ab_evidence_pack_v1\exported_masks\COCO_val2014_000000223554,E:\Bridging\paper2_compositional_evidence_routing\annotation\stage1_ab_evidence_pack_v1\exported_masks\COCO_val2014_000000223554\region_A.png,E:\Bridging\paper2_compositional_evidence_routing\annotation\stage1_ab_evidence_pack_v1\exported_masks\COCO_val2014_000000223554\region_B.png,E:\Bridging\paper2_compositional_evidence_routing\annotation\stage1_ab_evidence_pack_v1\exported_masks\COCO_val2014_000000223554\region_A_union_B.png,E:\Bridging\paper2_compositional_evidence_routing\annotation\stage1_ab_evidence_pack_v1\exported_masks\COCO_val2014_000000223554\random_A_size.png,E:\Bridging\paper2_compositional_evidence_routing\annotation\stage1_ab_evidence_pack_v1\exported_masks\COCO_val2014_000000223554\random_B_size.png,E:\Bridging\paper2_compositional_evidence_routing\annotation\stage1_ab_evidence_pack_v1\exported_masks\COCO_val2014_000000223554\random_union_size.png,okvqa_val_01256,COCO_val2014_000000562581.jpg,E:\Bridging\paper2_compositional_evidence_routing\annotation\stage1_ab_evidence_pack_v1\images\COCO_val2014_000000562581.jpg,annotation\okvqa_type_label_round4_400_mobile_package\manifest.csv,multi_region,medium,needs_region_masks
12,okvqa_val_01256,Which fashion conscious sisters are famous for playing this game?,williams,COCO_val2014_000000562581.jpg,images/COCO_val2014_000000562581.jpg,E:\Bridging\paper2_compositional_evidence_routing\annotation\stage1_ab_evidence_pack_v1\images\COCO_val2014_000000562581.jpg,E:\Bridging\annotation\okvqa_type_label_round4_400_mobile_package\images\COCO_val2014_000000562581.jpg,comparison_reasoning,first compared object / quantity,second compared object / quantity,E:\Bridging\paper2_compositional_evidence_routing\annotation\stage1_ab_evidence_pack_v1\exported_masks\COCO_val2014_000000562581,E:\Bridging\paper2_compositional_evidence_routing\annotation\stage1_ab_evidence_pack_v1\exported_masks\COCO_val2014_000000562581\region_A.png,E:\Bridging\paper2_compositional_evidence_routing\annotation\stage1_ab_evidence_pack_v1\exported_masks\COCO_val2014_000000562581\region_B.png,E:\Bridging\paper2_compositional_evidence_routing\annotation\stage1_ab_evidence_pack_v1\exported_masks\COCO_val2014_000000562581\region_A_union_B.png,E:\Bridging\paper2_compositional_evidence_routing\annotation\stage1_ab_evidence_pack_v1\exported_masks\COCO_val2014_000000562581\random_A_size.png,E:\Bridging\paper2_compositional_evidence_routing\annotation\stage1_ab_evidence_pack_v1\exported_masks\COCO_val2014_000000562581\random_B_size.png,E:\Bridging\paper2_compositional_evidence_routing\annotation\stage1_ab_evidence_pack_v1\exported_masks\COCO_val2014_000000562581\random_union_size.png,okvqa_val_00528,COCO_val2014_000000081361.jpg,E:\Bridging\paper2_compositional_evidence_routing\annotation\stage1_ab_evidence_pack_v1\images\COCO_val2014_000000081361.jpg,annotation\okvqa_type_label_round4_400_mobile_package\manifest.csv,localized,high,needs_region_masks
13,okvqa_val_00528,The stuffed animal in this picture is named for which president?,teddy roosevelt,COCO_val2014_000000081361.jpg,images/COCO_val2014_000000081361.jpg,E:\Bridging\paper2_compositional_evidence_routing\annotation\stage1_ab_evidence_pack_v1\images\COCO_val2014_000000081361.jpg,E:\Bridging\annotation\okvqa_type_label_round4_400_mobile_package\images\COCO_val2014_000000081361.jpg,comparison_reasoning,first compared object / quantity,second compared object / quantity,E:\Bridging\paper2_compositional_evidence_routing\annotation\stage1_ab_evidence_pack_v1\exported_masks\COCO_val2014_000000081361,E:\Bridging\paper2_compositional_evidence_routing\annotation\stage1_ab_evidence_pack_v1\exported_masks\COCO_val2014_000000081361\region_A.png,E:\Bridging\paper2_compositional_evidence_routing\annotation\stage1_ab_evidence_pack_v1\exported_masks\COCO_val2014_000000081361\region_B.png,E:\Bridging\paper2_compositional_evidence_routing\annotation\stage1_ab_evidence_pack_v1\exported_masks\COCO_val2014_000000081361\region_A_union_B.png,E:\Bridging\paper2_compositional_evidence_routing\annotation\stage1_ab_evidence_pack_v1\exported_masks\COCO_val2014_000000081361\random_A_size.png,E:\Bridging\paper2_compositional_evidence_routing\annotation\stage1_ab_evidence_pack_v1\exported_masks\COCO_val2014_000000081361\random_B_size.png,E:\Bridging\paper2_compositional_evidence_routing\annotation\stage1_ab_evidence_pack_v1\exported_masks\COCO_val2014_000000081361\random_union_size.png,okvqa_val_01672,COCO_val2014_000000007787.jpg,E:\Bridging\paper2_compositional_evidence_routing\annotation\stage1_ab_evidence_pack_v1\images\COCO_val2014_000000007787.jpg,annotation\okvqa_type_label_round4_400_mobile_package\manifest.csv,localized,high,needs_region_masks
14,okvqa_val_01672,What is the most common kind of cheese used in this dish?,mozzarella,COCO_val2014_000000007787.jpg,images/COCO_val2014_000000007787.jpg,E:\Bridging\paper2_compositional_evidence_routing\annotation\stage1_ab_evidence_pack_v1\images\COCO_val2014_000000007787.jpg,E:\Bridging\annotation\okvqa_type_label_round4_400_mobile_package\images\COCO_val2014_000000007787.jpg,comparison_reasoning,first compared object / quantity,second compared object / quantity,E:\Bridging\paper2_compositional_evidence_routing\annotation\stage1_ab_evidence_pack_v1\exported_masks\COCO_val2014_000000007787,E:\Bridging\paper2_compositional_evidence_routing\annotation\stage1_ab_evidence_pack_v1\exported_masks\COCO_val2014_000000007787\region_A.png,E:\Bridging\paper2_compositional_evidence_routing\annotation\stage1_ab_evidence_pack_v1\exported_masks\COCO_val2014_000000007787\region_B.png,E:\Bridging\paper2_compositional_evidence_routing\annotation\stage1_ab_evidence_pack_v1\exported_masks\COCO_val2014_000000007787\region_A_union_B.png,E:\Bridging\paper2_compositional_evidence_routing\annotation\stage1_ab_evidence_pack_v1\exported_masks\COCO_val2014_000000007787\random_A_size.png,E:\Bridging\paper2_compositional_evidence_routing\annotation\stage1_ab_evidence_pack_v1\exported_masks\COCO_val2014_000000007787\random_B_size.png,E:\Bridging\paper2_compositional_evidence_routing\annotation\stage1_ab_evidence_pack_v1\exported_masks\COCO_val2014_000000007787\random_union_size.png,okvqa_val_01804,COCO_val2014_000000345456.jpg,E:\Bridging\paper2_compositional_evidence_routing\annotation\stage1_ab_evidence_pack_v1\images\COCO_val2014_000000345456.jpg,annotation\okvqa_type_label_round4_400_mobile_package\manifest.csv,localized,medium,needs_region_masks
15,okvqa_val_01804,Which threatened insect is famously the same color as this train?,bee,COCO_val2014_000000345456.jpg,images/COCO_val2014_000000345456.jpg,E:\Bridging\paper2_compositional_evidence_routing\annotation\stage1_ab_evidence_pack_v1\images\COCO_val2014_000000345456.jpg,E:\Bridging\annotation\okvqa_type_label_round4_400_mobile_package\images\COCO_val2014_000000345456.jpg,comparison_reasoning,first compared object / quantity,second compared object / quantity,E:\Bridging\paper2_compositional_evidence_routing\annotation\stage1_ab_evidence_pack_v1\exported_masks\COCO_val2014_000000345456,E:\Bridging\paper2_compositional_evidence_routing\annotation\stage1_ab_evidence_pack_v1\exported_masks\COCO_val2014_000000345456\region_A.png,E:\Bridging\paper2_compositional_evidence_routing\annotation\stage1_ab_evidence_pack_v1\exported_masks\COCO_val2014_000000345456\region_B.png,E:\Bridging\paper2_compositional_evidence_routing\annotation\stage1_ab_evidence_pack_v1\exported_masks\COCO_val2014_000000345456\region_A_union_B.png,E:\Bridging\paper2_compositional_evidence_routing\annotation\stage1_ab_evidence_pack_v1\exported_masks\COCO_val2014_000000345456\random_A_size.png,E:\Bridging\paper2_compositional_evidence_routing\annotation\stage1_ab_evidence_pack_v1\exported_masks\COCO_val2014_000000345456\random_B_size.png,E:\Bridging\paper2_compositional_evidence_routing\annotation\stage1_ab_evidence_pack_v1\exported_masks\COCO_val2014_000000345456\random_union_size.png,okvqa_val_03909,COCO_val2014_000000303024.jpg,E:\Bridging\paper2_compositional_evidence_routing\annotation\stage1_ab_evidence_pack_v1\images\COCO_val2014_000000303024.jpg,annotation\okvqa_type_label_round4_400_mobile_package\manifest.csv,localized,medium,needs_region_masks
16,okvqa_val_03909,Which type of helmet is used by the sport person shown in this picture?,bat helmet,COCO_val2014_000000303024.jpg,images/COCO_val2014_000000303024.jpg,E:\Bridging\paper2_compositional_evidence_routing\annotation\stage1_ab_evidence_pack_v1\images\COCO_val2014_000000303024.jpg,E:\Bridging\annotation\okvqa_type_label_round4_400_mobile_package\images\COCO_val2014_000000303024.jpg,comparison_reasoning,first compared object / quantity,second compared object / quantity,E:\Bridging\paper2_compositional_evidence_routing\annotation\stage1_ab_evidence_pack_v1\exported_masks\COCO_val2014_000000303024,E:\Bridging\paper2_compositional_evidence_routing\annotation\stage1_ab_evidence_pack_v1\exported_masks\COCO_val2014_000000303024\region_A.png,E:\Bridging\paper2_compositional_evidence_routing\annotation\stage1_ab_evidence_pack_v1\exported_masks\COCO_val2014_000000303024\region_B.png,E:\Bridging\paper2_compositional_evidence_routing\annotation\stage1_ab_evidence_pack_v1\exported_masks\COCO_val2014_000000303024\region_A_union_B.png,E:\Bridging\paper2_compositional_evidence_routing\annotation\stage1_ab_evidence_pack_v1\exported_masks\COCO_val2014_000000303024\random_A_size.png,E:\Bridging\paper2_compositional_evidence_routing\annotation\stage1_ab_evidence_pack_v1\exported_masks\COCO_val2014_000000303024\random_B_size.png,E:\Bridging\paper2_compositional_evidence_routing\annotation\stage1_ab_evidence_pack_v1\exported_masks\COCO_val2014_000000303024\random_union_size.png,okvqa_val_1171125,COCO_val2014_000000117112.jpg,E:\Bridging\paper2_compositional_evidence_routing\annotation\stage1_ab_evidence_pack_v1\images\COCO_val2014_000000117112.jpg,annotation\okvqa_type_label_round4_400_mobile_package\manifest.csv,localized,low,needs_region_masks
17,okvqa_val_1171125,Which material is used for making the sofa set shown in this picture?,polyester,COCO_val2014_000000117112.jpg,images/COCO_val2014_000000117112.jpg,E:\Bridging\paper2_compositional_evidence_routing\annotation\stage1_ab_evidence_pack_v1\images\COCO_val2014_000000117112.jpg,E:\Bridging\annotation\okvqa_type_label_round4_400_mobile_package\images\COCO_val2014_000000117112.jpg,comparison_reasoning,first compared object / quantity,second compared object / quantity,E:\Bridging\paper2_compositional_evidence_routing\annotation\stage1_ab_evidence_pack_v1\exported_masks\COCO_val2014_000000117112,E:\Bridging\paper2_compositional_evidence_routing\annotation\stage1_ab_evidence_pack_v1\exported_masks\COCO_val2014_000000117112\region_A.png,E:\Bridging\paper2_compositional_evidence_routing\annotation\stage1_ab_evidence_pack_v1\exported_masks\COCO_val2014_000000117112\region_B.png,E:\Bridging\paper2_compositional_evidence_routing\annotation\stage1_ab_evidence_pack_v1\exported_masks\COCO_val2014_000000117112\region_A_union_B.png,E:\Bridging\paper2_compositional_evidence_routing\annotation\stage1_ab_evidence_pack_v1\exported_masks\COCO_val2014_000000117112\random_A_size.png,E:\Bridging\paper2_compositional_evidence_routing\annotation\stage1_ab_evidence_pack_v1\exported_masks\COCO_val2014_000000117112\random_B_size.png,E:\Bridging\paper2_compositional_evidence_routing\annotation\stage1_ab_evidence_pack_v1\exported_masks\COCO_val2014_000000117112\random_union_size.png,okvqa_val_1686835,COCO_val2014_000000168683.jpg,E:\Bridging\paper2_compositional_evidence_routing\annotation\stage1_ab_evidence_pack_v1\images\COCO_val2014_000000168683.jpg,annotation\okvqa_type_label_round4_400_mobile_package\manifest.csv,,,needs_region_masks
18,okvqa_val_1686835,Which item shown here is a compound word derived from the name of the human cranium and the telephone?,headphone,COCO_val2014_000000168683.jpg,images/COCO_val2014_000000168683.jpg,E:\Bridging\paper2_compositional_evidence_routing\annotation\stage1_ab_evidence_pack_v1\images\COCO_val2014_000000168683.jpg,E:\Bridging\annotation\okvqa_type_label_round4_400_mobile_package\images\COCO_val2014_000000168683.jpg,comparison_reasoning,first compared object / quantity,second compared object / quantity,E:\Bridging\paper2_compositional_evidence_routing\annotation\stage1_ab_evidence_pack_v1\exported_masks\COCO_val2014_000000168683,E:\Bridging\paper2_compositional_evidence_routing\annotation\stage1_ab_evidence_pack_v1\exported_masks\COCO_val2014_000000168683\region_A.png,E:\Bridging\paper2_compositional_evidence_routing\annotation\stage1_ab_evidence_pack_v1\exported_masks\COCO_val2014_000000168683\region_B.png,E:\Bridging\paper2_compositional_evidence_routing\annotation\stage1_ab_evidence_pack_v1\exported_masks\COCO_val2014_000000168683\region_A_union_B.png,E:\Bridging\paper2_compositional_evidence_routing\annotation\stage1_ab_evidence_pack_v1\exported_masks\COCO_val2014_000000168683\random_A_size.png,E:\Bridging\paper2_compositional_evidence_routing\annotation\stage1_ab_evidence_pack_v1\exported_masks\COCO_val2014_000000168683\random_B_size.png,E:\Bridging\paper2_compositional_evidence_routing\annotation\stage1_ab_evidence_pack_v1\exported_masks\COCO_val2014_000000168683\random_union_size.png,okvqa_val_1860605,COCO_val2014_000000186060.jpg,E:\Bridging\paper2_compositional_evidence_routing\annotation\stage1_ab_evidence_pack_v1\images\COCO_val2014_000000186060.jpg,annotation\okvqa_type_label_round4_400_mobile_package\manifest.csv,,,needs_region_masks
19,okvqa_val_1860605,What is the most important tennis tournament played on this surface?,french open,COCO_val2014_000000186060.jpg,images/COCO_val2014_000000186060.jpg,E:\Bridging\paper2_compositional_evidence_routing\annotation\stage1_ab_evidence_pack_v1\images\COCO_val2014_000000186060.jpg,E:\Bridging\annotation\okvqa_type_label_round4_400_mobile_package\images\COCO_val2014_000000186060.jpg,comparison_reasoning,first compared object / quantity,second compared object / quantity,E:\Bridging\paper2_compositional_evidence_routing\annotation\stage1_ab_evidence_pack_v1\exported_masks\COCO_val2014_000000186060,E:\Bridging\paper2_compositional_evidence_routing\annotation\stage1_ab_evidence_pack_v1\exported_masks\COCO_val2014_000000186060\region_A.png,E:\Bridging\paper2_compositional_evidence_routing\annotation\stage1_ab_evidence_pack_v1\exported_masks\COCO_val2014_000000186060\region_B.png,E:\Bridging\paper2_compositional_evidence_routing\annotation\stage1_ab_evidence_pack_v1\exported_masks\COCO_val2014_000000186060\region_A_union_B.png,E:\Bridging\paper2_compositional_evidence_routing\annotation\stage1_ab_evidence_pack_v1\exported_masks\COCO_val2014_000000186060\random_A_size.png,E:\Bridging\paper2_compositional_evidence_routing\annotation\stage1_ab_evidence_pack_v1\exported_masks\COCO_val2014_000000186060\random_B_size.png,E:\Bridging\paper2_compositional_evidence_routing\annotation\stage1_ab_evidence_pack_v1\exported_masks\COCO_val2014_000000186060\random_union_size.png,okvqa_val_258605,COCO_val2014_000000025860.jpg,E:\Bridging\paper2_compositional_evidence_routing\annotation\stage1_ab_evidence_pack_v1\images\COCO_val2014_000000025860.jpg,annotation\okvqa_type_label_round4_400_mobile_package\manifest.csv,,,needs_region_masks
20,okvqa_val_258605,What is this room mostly used for?,cook,COCO_val2014_000000025860.jpg,images/COCO_val2014_000000025860.jpg,E:\Bridging\paper2_compositional_evidence_routing\annotation\stage1_ab_evidence_pack_v1\images\COCO_val2014_000000025860.jpg,E:\Bridging\annotation\okvqa_type_label_round4_400_mobile_package\images\COCO_val2014_000000025860.jpg,comparison_reasoning,first compared object / quantity,second compared object / quantity,E:\Bridging\paper2_compositional_evidence_routing\annotation\stage1_ab_evidence_pack_v1\exported_masks\COCO_val2014_000000025860,E:\Bridging\paper2_compositional_evidence_routing\annotation\stage1_ab_evidence_pack_v1\exported_masks\COCO_val2014_000000025860\region_A.png,E:\Bridging\paper2_compositional_evidence_routing\annotation\stage1_ab_evidence_pack_v1\exported_masks\COCO_val2014_000000025860\region_B.png,E:\Bridging\paper2_compositional_evidence_routing\annotation\stage1_ab_evidence_pack_v1\exported_masks\COCO_val2014_000000025860\region_A_union_B.png,E:\Bridging\paper2_compositional_evidence_routing\annotation\stage1_ab_evidence_pack_v1\exported_masks\COCO_val2014_000000025860\random_A_size.png,E:\Bridging\paper2_compositional_evidence_routing\annotation\stage1_ab_evidence_pack_v1\exported_masks\COCO_val2014_000000025860\random_B_size.png,E:\Bridging\paper2_compositional_evidence_routing\annotation\stage1_ab_evidence_pack_v1\exported_masks\COCO_val2014_000000025860\random_union_size.png,okvqa_val_03979,COCO_val2014_000000302787.jpg,E:\Bridging\paper2_compositional_evidence_routing\annotation\stage1_ab_evidence_pack_v1\images\COCO_val2014_000000302787.jpg,annotation\okvqa_type_label_round4_400_mobile_package\manifest.csv,,,needs_region_masks
21,okvqa_val_03979,A beverage is represented here what brand is its opposite in the cola wars?,pepsi,COCO_val2014_000000302787.jpg,images/COCO_val2014_000000302787.jpg,E:\Bridging\paper2_compositional_evidence_routing\annotation\stage1_ab_evidence_pack_v1\images\COCO_val2014_000000302787.jpg,E:\Bridging\annotation\okvqa_type_label_round4_400_mobile_package\images\COCO_val2014_000000302787.jpg,text_object_binding,text/logo/label evidence,carrier object or surrounding visual context,E:\Bridging\paper2_compositional_evidence_routing\annotation\stage1_ab_evidence_pack_v1\exported_masks\COCO_val2014_000000302787,E:\Bridging\paper2_compositional_evidence_routing\annotation\stage1_ab_evidence_pack_v1\exported_masks\COCO_val2014_000000302787\region_A.png,E:\Bridging\paper2_compositional_evidence_routing\annotation\stage1_ab_evidence_pack_v1\exported_masks\COCO_val2014_000000302787\region_B.png,E:\Bridging\paper2_compositional_evidence_routing\annotation\stage1_ab_evidence_pack_v1\exported_masks\COCO_val2014_000000302787\region_A_union_B.png,E:\Bridging\paper2_compositional_evidence_routing\annotation\stage1_ab_evidence_pack_v1\exported_masks\COCO_val2014_000000302787\random_A_size.png,E:\Bridging\paper2_compositional_evidence_routing\annotation\stage1_ab_evidence_pack_v1\exported_masks\COCO_val2014_000000302787\random_B_size.png,E:\Bridging\paper2_compositional_evidence_routing\annotation\stage1_ab_evidence_pack_v1\exported_masks\COCO_val2014_000000302787\random_union_size.png,okvqa_val_4043385,COCO_val2014_000000404338.jpg,E:\Bridging\paper2_compositional_evidence_routing\annotation\stage1_ab_evidence_pack_v1\images\COCO_val2014_000000404338.jpg,annotation\okvqa_type_label_round4_400_mobile_package\manifest.csv,localized,medium,needs_region_masks
22,okvqa_val_4043385,What language is written on the signs?,german,COCO_val2014_000000404338.jpg,images/COCO_val2014_000000404338.jpg,E:\Bridging\paper2_compositional_evidence_routing\annotation\stage1_ab_evidence_pack_v1\images\COCO_val2014_000000404338.jpg,E:\Bridging\annotation\okvqa_type_label_round4_400_mobile_package\images\COCO_val2014_000000404338.jpg,text_object_binding,text/logo/label evidence,carrier object or surrounding visual context,E:\Bridging\paper2_compositional_evidence_routing\annotation\stage1_ab_evidence_pack_v1\exported_masks\COCO_val2014_000000404338,E:\Bridging\paper2_compositional_evidence_routing\annotation\stage1_ab_evidence_pack_v1\exported_masks\COCO_val2014_000000404338\region_A.png,E:\Bridging\paper2_compositional_evidence_routing\annotation\stage1_ab_evidence_pack_v1\exported_masks\COCO_val2014_000000404338\region_B.png,E:\Bridging\paper2_compositional_evidence_routing\annotation\stage1_ab_evidence_pack_v1\exported_masks\COCO_val2014_000000404338\region_A_union_B.png,E:\Bridging\paper2_compositional_evidence_routing\annotation\stage1_ab_evidence_pack_v1\exported_masks\COCO_val2014_000000404338\random_A_size.png,E:\Bridging\paper2_compositional_evidence_routing\annotation\stage1_ab_evidence_pack_v1\exported_masks\COCO_val2014_000000404338\random_B_size.png,E:\Bridging\paper2_compositional_evidence_routing\annotation\stage1_ab_evidence_pack_v1\exported_masks\COCO_val2014_000000404338\random_union_size.png,okvqa_val_4999035,COCO_val2014_000000499903.jpg,E:\Bridging\paper2_compositional_evidence_routing\annotation\stage1_ab_evidence_pack_v1\images\COCO_val2014_000000499903.jpg,annotation\okvqa_type_label_round4_400_mobile_package\manifest.csv,,,needs_region_masks
23,okvqa_val_4999035,What are the designs in the grass likely made out of?,flower,COCO_val2014_000000499903.jpg,images/COCO_val2014_000000499903.jpg,E:\Bridging\paper2_compositional_evidence_routing\annotation\stage1_ab_evidence_pack_v1\images\COCO_val2014_000000499903.jpg,E:\Bridging\annotation\okvqa_type_label_round4_400_mobile_package\images\COCO_val2014_000000499903.jpg,text_object_binding,text/logo/label evidence,carrier object or surrounding visual context,E:\Bridging\paper2_compositional_evidence_routing\annotation\stage1_ab_evidence_pack_v1\exported_masks\COCO_val2014_000000499903,E:\Bridging\paper2_compositional_evidence_routing\annotation\stage1_ab_evidence_pack_v1\exported_masks\COCO_val2014_000000499903\region_A.png,E:\Bridging\paper2_compositional_evidence_routing\annotation\stage1_ab_evidence_pack_v1\exported_masks\COCO_val2014_000000499903\region_B.png,E:\Bridging\paper2_compositional_evidence_routing\annotation\stage1_ab_evidence_pack_v1\exported_masks\COCO_val2014_000000499903\region_A_union_B.png,E:\Bridging\paper2_compositional_evidence_routing\annotation\stage1_ab_evidence_pack_v1\exported_masks\COCO_val2014_000000499903\random_A_size.png,E:\Bridging\paper2_compositional_evidence_routing\annotation\stage1_ab_evidence_pack_v1\exported_masks\COCO_val2014_000000499903\random_B_size.png,E:\Bridging\paper2_compositional_evidence_routing\annotation\stage1_ab_evidence_pack_v1\exported_masks\COCO_val2014_000000499903\random_union_size.png,okvqa_val_2373185,COCO_val2014_000000237318.jpg,E:\Bridging\paper2_compositional_evidence_routing\annotation\stage1_ab_evidence_pack_v1\images\COCO_val2014_000000237318.jpg,annotation\okvqa_type_label_round4_400_mobile_package\manifest.csv,,,needs_region_masks
24,okvqa_val_2373185,How many sides do these signs normally have?,8,COCO_val2014_000000237318.jpg,images/COCO_val2014_000000237318.jpg,E:\Bridging\paper2_compositional_evidence_routing\annotation\stage1_ab_evidence_pack_v1\images\COCO_val2014_000000237318.jpg,E:\Bridging\annotation\okvqa_type_label_round4_400_mobile_package\images\COCO_val2014_000000237318.jpg,text_object_binding,text/logo/label evidence,carrier object or surrounding visual context,E:\Bridging\paper2_compositional_evidence_routing\annotation\stage1_ab_evidence_pack_v1\exported_masks\COCO_val2014_000000237318,E:\Bridging\paper2_compositional_evidence_routing\annotation\stage1_ab_evidence_pack_v1\exported_masks\COCO_val2014_000000237318\region_A.png,E:\Bridging\paper2_compositional_evidence_routing\annotation\stage1_ab_evidence_pack_v1\exported_masks\COCO_val2014_000000237318\region_B.png,E:\Bridging\paper2_compositional_evidence_routing\annotation\stage1_ab_evidence_pack_v1\exported_masks\COCO_val2014_000000237318\region_A_union_B.png,E:\Bridging\paper2_compositional_evidence_routing\annotation\stage1_ab_evidence_pack_v1\exported_masks\COCO_val2014_000000237318\random_A_size.png,E:\Bridging\paper2_compositional_evidence_routing\annotation\stage1_ab_evidence_pack_v1\exported_masks\COCO_val2014_000000237318\random_B_size.png,E:\Bridging\paper2_compositional_evidence_routing\annotation\stage1_ab_evidence_pack_v1\exported_masks\COCO_val2014_000000237318\random_union_size.png,okvqa_val_3326275,COCO_val2014_000000332627.jpg,E:\Bridging\paper2_compositional_evidence_routing\annotation\stage1_ab_evidence_pack_v1\images\COCO_val2014_000000332627.jpg,annotation\okvqa_type_label_round4_400_mobile_package\manifest.csv,,,needs_region_masks
25,okvqa_val_3326275,What brand is the racket?,wilson,COCO_val2014_000000332627.jpg,images/COCO_val2014_000000332627.jpg,E:\Bridging\paper2_compositional_evidence_routing\annotation\stage1_ab_evidence_pack_v1\images\COCO_val2014_000000332627.jpg,E:\Bridging\annotation\okvqa_type_label_round4_400_mobile_package\images\COCO_val2014_000000332627.jpg,text_object_binding,text/logo/label evidence,carrier object or surrounding visual context,E:\Bridging\paper2_compositional_evidence_routing\annotation\stage1_ab_evidence_pack_v1\exported_masks\COCO_val2014_000000332627,E:\Bridging\paper2_compositional_evidence_routing\annotation\stage1_ab_evidence_pack_v1\exported_masks\COCO_val2014_000000332627\region_A.png,E:\Bridging\paper2_compositional_evidence_routing\annotation\stage1_ab_evidence_pack_v1\exported_masks\COCO_val2014_000000332627\region_B.png,E:\Bridging\paper2_compositional_evidence_routing\annotation\stage1_ab_evidence_pack_v1\exported_masks\COCO_val2014_000000332627\region_A_union_B.png,E:\Bridging\paper2_compositional_evidence_routing\annotation\stage1_ab_evidence_pack_v1\exported_masks\COCO_val2014_000000332627\random_A_size.png,E:\Bridging\paper2_compositional_evidence_routing\annotation\stage1_ab_evidence_pack_v1\exported_masks\COCO_val2014_000000332627\random_B_size.png,E:\Bridging\paper2_compositional_evidence_routing\annotation\stage1_ab_evidence_pack_v1\exported_masks\COCO_val2014_000000332627\random_union_size.png,okvqa_val_4131725,COCO_val2014_000000413172.jpg,E:\Bridging\paper2_compositional_evidence_routing\annotation\stage1_ab_evidence_pack_v1\images\COCO_val2014_000000413172.jpg,annotation\okvqa_type_label_round4_400_mobile_package\manifest.csv,,,needs_region_masks
26,okvqa_val_4131725,What does the white sign with the arrow mean?,no left turn,COCO_val2014_000000413172.jpg,images/COCO_val2014_000000413172.jpg,E:\Bridging\paper2_compositional_evidence_routing\annotation\stage1_ab_evidence_pack_v1\images\COCO_val2014_000000413172.jpg,E:\Bridging\annotation\okvqa_type_label_round4_400_mobile_package\images\COCO_val2014_000000413172.jpg,text_object_binding,text/logo/label evidence,carrier object or surrounding visual context,E:\Bridging\paper2_compositional_evidence_routing\annotation\stage1_ab_evidence_pack_v1\exported_masks\COCO_val2014_000000413172,E:\Bridging\paper2_compositional_evidence_routing\annotation\stage1_ab_evidence_pack_v1\exported_masks\COCO_val2014_000000413172\region_A.png,E:\Bridging\paper2_compositional_evidence_routing\annotation\stage1_ab_evidence_pack_v1\exported_masks\COCO_val2014_000000413172\region_B.png,E:\Bridging\paper2_compositional_evidence_routing\annotation\stage1_ab_evidence_pack_v1\exported_masks\COCO_val2014_000000413172\region_A_union_B.png,E:\Bridging\paper2_compositional_evidence_routing\annotation\stage1_ab_evidence_pack_v1\exported_masks\COCO_val2014_000000413172\random_A_size.png,E:\Bridging\paper2_compositional_evidence_routing\annotation\stage1_ab_evidence_pack_v1\exported_masks\COCO_val2014_000000413172\random_B_size.png,E:\Bridging\paper2_compositional_evidence_routing\annotation\stage1_ab_evidence_pack_v1\exported_masks\COCO_val2014_000000413172\random_union_size.png,okvqa_val_1295955,COCO_val2014_000000129595.jpg,E:\Bridging\paper2_compositional_evidence_routing\annotation\stage1_ab_evidence_pack_v1\images\COCO_val2014_000000129595.jpg,annotation\okvqa_type_label_round4_400_mobile_package\manifest.csv,,,needs_region_masks
27,okvqa_val_1295955,Why would this person be holding this sign?,protest,COCO_val2014_000000129595.jpg,images/COCO_val2014_000000129595.jpg,E:\Bridging\paper2_compositional_evidence_routing\annotation\stage1_ab_evidence_pack_v1\images\COCO_val2014_000000129595.jpg,E:\Bridging\annotation\okvqa_type_label_round4_400_mobile_package\images\COCO_val2014_000000129595.jpg,text_object_binding,text/logo/label evidence,carrier object or surrounding visual context,E:\Bridging\paper2_compositional_evidence_routing\annotation\stage1_ab_evidence_pack_v1\exported_masks\COCO_val2014_000000129595,E:\Bridging\paper2_compositional_evidence_routing\annotation\stage1_ab_evidence_pack_v1\exported_masks\COCO_val2014_000000129595\region_A.png,E:\Bridging\paper2_compositional_evidence_routing\annotation\stage1_ab_evidence_pack_v1\exported_masks\COCO_val2014_000000129595\region_B.png,E:\Bridging\paper2_compositional_evidence_routing\annotation\stage1_ab_evidence_pack_v1\exported_masks\COCO_val2014_000000129595\region_A_union_B.png,E:\Bridging\paper2_compositional_evidence_routing\annotation\stage1_ab_evidence_pack_v1\exported_masks\COCO_val2014_000000129595\random_A_size.png,E:\Bridging\paper2_compositional_evidence_routing\annotation\stage1_ab_evidence_pack_v1\exported_masks\COCO_val2014_000000129595\random_B_size.png,E:\Bridging\paper2_compositional_evidence_routing\annotation\stage1_ab_evidence_pack_v1\exported_masks\COCO_val2014_000000129595\random_union_size.png,okvqa_val_2366045,COCO_val2014_000000236604.jpg,E:\Bridging\paper2_compositional_evidence_routing\annotation\stage1_ab_evidence_pack_v1\images\COCO_val2014_000000236604.jpg,annotation\okvqa_type_label_round4_400_mobile_package\manifest.csv,,,needs_region_masks
28,okvqa_val_2366045,What style of design are the couch and love seat in this room patterned after?,vintage,COCO_val2014_000000236604.jpg,images/COCO_val2014_000000236604.jpg,E:\Bridging\paper2_compositional_evidence_routing\annotation\stage1_ab_evidence_pack_v1\images\COCO_val2014_000000236604.jpg,E:\Bridging\annotation\okvqa_type_label_round4_400_mobile_package\images\COCO_val2014_000000236604.jpg,text_object_binding,text/logo/label evidence,carrier object or surrounding visual context,E:\Bridging\paper2_compositional_evidence_routing\annotation\stage1_ab_evidence_pack_v1\exported_masks\COCO_val2014_000000236604,E:\Bridging\paper2_compositional_evidence_routing\annotation\stage1_ab_evidence_pack_v1\exported_masks\COCO_val2014_000000236604\region_A.png,E:\Bridging\paper2_compositional_evidence_routing\annotation\stage1_ab_evidence_pack_v1\exported_masks\COCO_val2014_000000236604\region_B.png,E:\Bridging\paper2_compositional_evidence_routing\annotation\stage1_ab_evidence_pack_v1\exported_masks\COCO_val2014_000000236604\region_A_union_B.png,E:\Bridging\paper2_compositional_evidence_routing\annotation\stage1_ab_evidence_pack_v1\exported_masks\COCO_val2014_000000236604\random_A_size.png,E:\Bridging\paper2_compositional_evidence_routing\annotation\stage1_ab_evidence_pack_v1\exported_masks\COCO_val2014_000000236604\random_B_size.png,E:\Bridging\paper2_compositional_evidence_routing\annotation\stage1_ab_evidence_pack_v1\exported_masks\COCO_val2014_000000236604\random_union_size.png,okvqa_val_2683965,COCO_val2014_000000268396.jpg,E:\Bridging\paper2_compositional_evidence_routing\annotation\stage1_ab_evidence_pack_v1\images\COCO_val2014_000000268396.jpg,annotation\okvqa_type_label_round4_400_mobile_package\manifest.csv,,,needs_region_masks
29,okvqa_val_2683965,What shape is the sign?,octagon,COCO_val2014_000000268396.jpg,images/COCO_val2014_000000268396.jpg,E:\Bridging\paper2_compositional_evidence_routing\annotation\stage1_ab_evidence_pack_v1\images\COCO_val2014_000000268396.jpg,E:\Bridging\annotation\okvqa_type_label_round4_400_mobile_package\images\COCO_val2014_000000268396.jpg,text_object_binding,text/logo/label evidence,carrier object or surrounding visual context,E:\Bridging\paper2_compositional_evidence_routing\annotation\stage1_ab_evidence_pack_v1\exported_masks\COCO_val2014_000000268396,E:\Bridging\paper2_compositional_evidence_routing\annotation\stage1_ab_evidence_pack_v1\exported_masks\COCO_val2014_000000268396\region_A.png,E:\Bridging\paper2_compositional_evidence_routing\annotation\stage1_ab_evidence_pack_v1\exported_masks\COCO_val2014_000000268396\region_B.png,E:\Bridging\paper2_compositional_evidence_routing\annotation\stage1_ab_evidence_pack_v1\exported_masks\COCO_val2014_000000268396\region_A_union_B.png,E:\Bridging\paper2_compositional_evidence_routing\annotation\stage1_ab_evidence_pack_v1\exported_masks\COCO_val2014_000000268396\random_A_size.png,E:\Bridging\paper2_compositional_evidence_routing\annotation\stage1_ab_evidence_pack_v1\exported_masks\COCO_val2014_000000268396\random_B_size.png,E:\Bridging\paper2_compositional_evidence_routing\annotation\stage1_ab_evidence_pack_v1\exported_masks\COCO_val2014_000000268396\random_union_size.png,okvqa_val_2847255,COCO_val2014_000000284725.jpg,E:\Bridging\paper2_compositional_evidence_routing\annotation\stage1_ab_evidence_pack_v1\images\COCO_val2014_000000284725.jpg,annotation\okvqa_type_label_round4_400_mobile_package\manifest.csv,,,needs_region_masks
30,okvqa_val_2847255,What country might this be based on the writing on the bus?,china,COCO_val2014_000000284725.jpg,images/COCO_val2014_000000284725.jpg,E:\Bridging\paper2_compositional_evidence_routing\annotation\stage1_ab_evidence_pack_v1\images\COCO_val2014_000000284725.jpg,E:\Bridging\annotation\okvqa_type_label_round4_400_mobile_package\images\COCO_val2014_000000284725.jpg,text_object_binding,text/logo/label evidence,carrier object or surrounding visual context,E:\Bridging\paper2_compositional_evidence_routing\annotation\stage1_ab_evidence_pack_v1\exported_masks\COCO_val2014_000000284725,E:\Bridging\paper2_compositional_evidence_routing\annotation\stage1_ab_evidence_pack_v1\exported_masks\COCO_val2014_000000284725\region_A.png,E:\Bridging\paper2_compositional_evidence_routing\annotation\stage1_ab_evidence_pack_v1\exported_masks\COCO_val2014_000000284725\region_B.png,E:\Bridging\paper2_compositional_evidence_routing\annotation\stage1_ab_evidence_pack_v1\exported_masks\COCO_val2014_000000284725\region_A_union_B.png,E:\Bridging\paper2_compositional_evidence_routing\annotation\stage1_ab_evidence_pack_v1\exported_masks\COCO_val2014_000000284725\random_A_size.png,E:\Bridging\paper2_compositional_evidence_routing\annotation\stage1_ab_evidence_pack_v1\exported_masks\COCO_val2014_000000284725\random_B_size.png,E:\Bridging\paper2_compositional_evidence_routing\annotation\stage1_ab_evidence_pack_v1\exported_masks\COCO_val2014_000000284725\random_union_size.png,okvqa_val_03189,COCO_val2014_000000497466.jpg,E:\Bridging\paper2_compositional_evidence_routing\annotation\stage1_ab_evidence_pack_v1\images\COCO_val2014_000000497466.jpg,annotation\okvqa_type_label_round4_400_mobile_package\manifest.csv,,,needs_region_masks
31,okvqa_val_03189,What is the purpose of the fin on the pink surfboard?,balance,COCO_val2014_000000497466.jpg,images/COCO_val2014_000000497466.jpg,E:\Bridging\paper2_compositional_evidence_routing\annotation\stage1_ab_evidence_pack_v1\images\COCO_val2014_000000497466.jpg,E:\Bridging\annotation\okvqa_type_label_round4_400_mobile_package\images\COCO_val2014_000000497466.jpg,local_context_inference,local object evidence,scene/context evidence needed to infer answer,E:\Bridging\paper2_compositional_evidence_routing\annotation\stage1_ab_evidence_pack_v1\exported_masks\COCO_val2014_000000497466,E:\Bridging\paper2_compositional_evidence_routing\annotation\stage1_ab_evidence_pack_v1\exported_masks\COCO_val2014_000000497466\region_A.png,E:\Bridging\paper2_compositional_evidence_routing\annotation\stage1_ab_evidence_pack_v1\exported_masks\COCO_val2014_000000497466\region_B.png,E:\Bridging\paper2_compositional_evidence_routing\annotation\stage1_ab_evidence_pack_v1\exported_masks\COCO_val2014_000000497466\region_A_union_B.png,E:\Bridging\paper2_compositional_evidence_routing\annotation\stage1_ab_evidence_pack_v1\exported_masks\COCO_val2014_000000497466\random_A_size.png,E:\Bridging\paper2_compositional_evidence_routing\annotation\stage1_ab_evidence_pack_v1\exported_masks\COCO_val2014_000000497466\random_B_size.png,E:\Bridging\paper2_compositional_evidence_routing\annotation\stage1_ab_evidence_pack_v1\exported_masks\COCO_val2014_000000497466\random_union_size.png,okvqa_val_04586,COCO_val2014_000000251752.jpg,E:\Bridging\paper2_compositional_evidence_routing\annotation\stage1_ab_evidence_pack_v1\images\COCO_val2014_000000251752.jpg,annotation\okvqa_type_label_round4_400_mobile_package\manifest.csv,localized,high,needs_region_masks
32,okvqa_val_04586,What other movie franchises has lego made playsets based on?,star war,COCO_val2014_000000251752.jpg,images/COCO_val2014_000000251752.jpg,E:\Bridging\paper2_compositional_evidence_routing\annotation\stage1_ab_evidence_pack_v1\images\COCO_val2014_000000251752.jpg,E:\Bridging\annotation\okvqa_type_label_round4_400_mobile_package\images\COCO_val2014_000000251752.jpg,local_context_inference,local object evidence,scene/context evidence needed to infer answer,E:\Bridging\paper2_compositional_evidence_routing\annotation\stage1_ab_evidence_pack_v1\exported_masks\COCO_val2014_000000251752,E:\Bridging\paper2_compositional_evidence_routing\annotation\stage1_ab_evidence_pack_v1\exported_masks\COCO_val2014_000000251752\region_A.png,E:\Bridging\paper2_compositional_evidence_routing\annotation\stage1_ab_evidence_pack_v1\exported_masks\COCO_val2014_000000251752\region_B.png,E:\Bridging\paper2_compositional_evidence_routing\annotation\stage1_ab_evidence_pack_v1\exported_masks\COCO_val2014_000000251752\region_A_union_B.png,E:\Bridging\paper2_compositional_evidence_routing\annotation\stage1_ab_evidence_pack_v1\exported_masks\COCO_val2014_000000251752\random_A_size.png,E:\Bridging\paper2_compositional_evidence_routing\annotation\stage1_ab_evidence_pack_v1\exported_masks\COCO_val2014_000000251752\random_B_size.png,E:\Bridging\paper2_compositional_evidence_routing\annotation\stage1_ab_evidence_pack_v1\exported_masks\COCO_val2014_000000251752\random_union_size.png,okvqa_val_00506,COCO_val2014_000000116861.jpg,E:\Bridging\paper2_compositional_evidence_routing\annotation\stage1_ab_evidence_pack_v1\images\COCO_val2014_000000116861.jpg,annotation\okvqa_type_label_round4_400_mobile_package\manifest.csv,localized,high,needs_region_masks
33,okvqa_val_00506,Named after theodore roosevelt?,teddy bear,COCO_val2014_000000116861.jpg,images/COCO_val2014_000000116861.jpg,E:\Bridging\paper2_compositional_evidence_routing\annotation\stage1_ab_evidence_pack_v1\images\COCO_val2014_000000116861.jpg,E:\Bridging\annotation\okvqa_type_label_round4_400_mobile_package\images\COCO_val2014_000000116861.jpg,local_context_inference,local object evidence,scene/context evidence needed to infer answer,E:\Bridging\paper2_compositional_evidence_routing\annotation\stage1_ab_evidence_pack_v1\exported_masks\COCO_val2014_000000116861,E:\Bridging\paper2_compositional_evidence_routing\annotation\stage1_ab_evidence_pack_v1\exported_masks\COCO_val2014_000000116861\region_A.png,E:\Bridging\paper2_compositional_evidence_routing\annotation\stage1_ab_evidence_pack_v1\exported_masks\COCO_val2014_000000116861\region_B.png,E:\Bridging\paper2_compositional_evidence_routing\annotation\stage1_ab_evidence_pack_v1\exported_masks\COCO_val2014_000000116861\region_A_union_B.png,E:\Bridging\paper2_compositional_evidence_routing\annotation\stage1_ab_evidence_pack_v1\exported_masks\COCO_val2014_000000116861\random_A_size.png,E:\Bridging\paper2_compositional_evidence_routing\annotation\stage1_ab_evidence_pack_v1\exported_masks\COCO_val2014_000000116861\random_B_size.png,E:\Bridging\paper2_compositional_evidence_routing\annotation\stage1_ab_evidence_pack_v1\exported_masks\COCO_val2014_000000116861\random_union_size.png,okvqa_val_01162,COCO_val2014_000000443844.jpg,E:\Bridging\paper2_compositional_evidence_routing\annotation\stage1_ab_evidence_pack_v1\images\COCO_val2014_000000443844.jpg,annotation\okvqa_type_label_round4_400_mobile_package\manifest.csv,localized,high,needs_region_masks
34,okvqa_val_01162,Who is famous for this?,tony hawk,COCO_val2014_000000443844.jpg,images/COCO_val2014_000000443844.jpg,E:\Bridging\paper2_compositional_evidence_routing\annotation\stage1_ab_evidence_pack_v1\images\COCO_val2014_000000443844.jpg,E:\Bridging\annotation\okvqa_type_label_round4_400_mobile_package\images\COCO_val2014_000000443844.jpg,local_context_inference,local object evidence,scene/context evidence needed to infer answer,E:\Bridging\paper2_compositional_evidence_routing\annotation\stage1_ab_evidence_pack_v1\exported_masks\COCO_val2014_000000443844,E:\Bridging\paper2_compositional_evidence_routing\annotation\stage1_ab_evidence_pack_v1\exported_masks\COCO_val2014_000000443844\region_A.png,E:\Bridging\paper2_compositional_evidence_routing\annotation\stage1_ab_evidence_pack_v1\exported_masks\COCO_val2014_000000443844\region_B.png,E:\Bridging\paper2_compositional_evidence_routing\annotation\stage1_ab_evidence_pack_v1\exported_masks\COCO_val2014_000000443844\region_A_union_B.png,E:\Bridging\paper2_compositional_evidence_routing\annotation\stage1_ab_evidence_pack_v1\exported_masks\COCO_val2014_000000443844\random_A_size.png,E:\Bridging\paper2_compositional_evidence_routing\annotation\stage1_ab_evidence_pack_v1\exported_masks\COCO_val2014_000000443844\random_B_size.png,E:\Bridging\paper2_compositional_evidence_routing\annotation\stage1_ab_evidence_pack_v1\exported_masks\COCO_val2014_000000443844\random_union_size.png,okvqa_val_02363,COCO_val2014_000000076866.jpg,E:\Bridging\paper2_compositional_evidence_routing\annotation\stage1_ab_evidence_pack_v1\images\COCO_val2014_000000076866.jpg,annotation\okvqa_type_label_round4_400_mobile_package\manifest.csv,localized,high,needs_region_masks
35,okvqa_val_02363,These animals are closely related to what american animal?,horse,COCO_val2014_000000076866.jpg,images/COCO_val2014_000000076866.jpg,E:\Bridging\paper2_compositional_evidence_routing\annotation\stage1_ab_evidence_pack_v1\images\COCO_val2014_000000076866.jpg,E:\Bridging\annotation\okvqa_type_label_round4_400_mobile_package\images\COCO_val2014_000000076866.jpg,local_context_inference,local object evidence,scene/context evidence needed to infer answer,E:\Bridging\paper2_compositional_evidence_routing\annotation\stage1_ab_evidence_pack_v1\exported_masks\COCO_val2014_000000076866,E:\Bridging\paper2_compositional_evidence_routing\annotation\stage1_ab_evidence_pack_v1\exported_masks\COCO_val2014_000000076866\region_A.png,E:\Bridging\paper2_compositional_evidence_routing\annotation\stage1_ab_evidence_pack_v1\exported_masks\COCO_val2014_000000076866\region_B.png,E:\Bridging\paper2_compositional_evidence_routing\annotation\stage1_ab_evidence_pack_v1\exported_masks\COCO_val2014_000000076866\region_A_union_B.png,E:\Bridging\paper2_compositional_evidence_routing\annotation\stage1_ab_evidence_pack_v1\exported_masks\COCO_val2014_000000076866\random_A_size.png,E:\Bridging\paper2_compositional_evidence_routing\annotation\stage1_ab_evidence_pack_v1\exported_masks\COCO_val2014_000000076866\random_B_size.png,E:\Bridging\paper2_compositional_evidence_routing\annotation\stage1_ab_evidence_pack_v1\exported_masks\COCO_val2014_000000076866\random_union_size.png,okvqa_val_00492,COCO_val2014_000000174679.jpg,E:\Bridging\paper2_compositional_evidence_routing\annotation\stage1_ab_evidence_pack_v1\images\COCO_val2014_000000174679.jpg,annotation\okvqa_type_label_round4_400_mobile_package\manifest.csv,localized,high,needs_region_masks
36,okvqa_val_00492,What type of boat is this?,sail,COCO_val2014_000000174679.jpg,images/COCO_val2014_000000174679.jpg,E:\Bridging\paper2_compositional_evidence_routing\annotation\stage1_ab_evidence_pack_v1\images\COCO_val2014_000000174679.jpg,E:\Bridging\annotation\okvqa_type_label_round4_400_mobile_package\images\COCO_val2014_000000174679.jpg,local_context_inference,local object evidence,scene/context evidence needed to infer answer,E:\Bridging\paper2_compositional_evidence_routing\annotation\stage1_ab_evidence_pack_v1\exported_masks\COCO_val2014_000000174679,E:\Bridging\paper2_compositional_evidence_routing\annotation\stage1_ab_evidence_pack_v1\exported_masks\COCO_val2014_000000174679\region_A.png,E:\Bridging\paper2_compositional_evidence_routing\annotation\stage1_ab_evidence_pack_v1\exported_masks\COCO_val2014_000000174679\region_B.png,E:\Bridging\paper2_compositional_evidence_routing\annotation\stage1_ab_evidence_pack_v1\exported_masks\COCO_val2014_000000174679\region_A_union_B.png,E:\Bridging\paper2_compositional_evidence_routing\annotation\stage1_ab_evidence_pack_v1\exported_masks\COCO_val2014_000000174679\random_A_size.png,E:\Bridging\paper2_compositional_evidence_routing\annotation\stage1_ab_evidence_pack_v1\exported_masks\COCO_val2014_000000174679\random_B_size.png,E:\Bridging\paper2_compositional_evidence_routing\annotation\stage1_ab_evidence_pack_v1\exported_masks\COCO_val2014_000000174679\random_union_size.png,okvqa_val_00497,COCO_val2014_000000296684.jpg,E:\Bridging\paper2_compositional_evidence_routing\annotation\stage1_ab_evidence_pack_v1\images\COCO_val2014_000000296684.jpg,annotation\okvqa_type_label_round4_400_mobile_package\manifest.csv,localized,medium,needs_region_masks
37,okvqa_val_00497,Who invented this kind of suit?,surfer,COCO_val2014_000000296684.jpg,images/COCO_val2014_000000296684.jpg,E:\Bridging\paper2_compositional_evidence_routing\annotation\stage1_ab_evidence_pack_v1\images\COCO_val2014_000000296684.jpg,E:\Bridging\annotation\okvqa_type_label_round4_400_mobile_package\images\COCO_val2014_000000296684.jpg,local_context_inference,local object evidence,scene/context evidence needed to infer answer,E:\Bridging\paper2_compositional_evidence_routing\annotation\stage1_ab_evidence_pack_v1\exported_masks\COCO_val2014_000000296684,E:\Bridging\paper2_compositional_evidence_routing\annotation\stage1_ab_evidence_pack_v1\exported_masks\COCO_val2014_000000296684\region_A.png,E:\Bridging\paper2_compositional_evidence_routing\annotation\stage1_ab_evidence_pack_v1\exported_masks\COCO_val2014_000000296684\region_B.png,E:\Bridging\paper2_compositional_evidence_routing\annotation\stage1_ab_evidence_pack_v1\exported_masks\COCO_val2014_000000296684\region_A_union_B.png,E:\Bridging\paper2_compositional_evidence_routing\annotation\stage1_ab_evidence_pack_v1\exported_masks\COCO_val2014_000000296684\random_A_size.png,E:\Bridging\paper2_compositional_evidence_routing\annotation\stage1_ab_evidence_pack_v1\exported_masks\COCO_val2014_000000296684\random_B_size.png,E:\Bridging\paper2_compositional_evidence_routing\annotation\stage1_ab_evidence_pack_v1\exported_masks\COCO_val2014_000000296684\random_union_size.png,okvqa_val_00756,COCO_val2014_000000036528.jpg,E:\Bridging\paper2_compositional_evidence_routing\annotation\stage1_ab_evidence_pack_v1\images\COCO_val2014_000000036528.jpg,annotation\okvqa_type_label_round4_400_mobile_package\manifest.csv,localized,medium,needs_region_masks
38,okvqa_val_00756,What war is this airplane associated with?,world war 2,COCO_val2014_000000036528.jpg,images/COCO_val2014_000000036528.jpg,E:\Bridging\paper2_compositional_evidence_routing\annotation\stage1_ab_evidence_pack_v1\images\COCO_val2014_000000036528.jpg,E:\Bridging\annotation\okvqa_type_label_round4_400_mobile_package\images\COCO_val2014_000000036528.jpg,local_context_inference,local object evidence,scene/context evidence needed to infer answer,E:\Bridging\paper2_compositional_evidence_routing\annotation\stage1_ab_evidence_pack_v1\exported_masks\COCO_val2014_000000036528,E:\Bridging\paper2_compositional_evidence_routing\annotation\stage1_ab_evidence_pack_v1\exported_masks\COCO_val2014_000000036528\region_A.png,E:\Bridging\paper2_compositional_evidence_routing\annotation\stage1_ab_evidence_pack_v1\exported_masks\COCO_val2014_000000036528\region_B.png,E:\Bridging\paper2_compositional_evidence_routing\annotation\stage1_ab_evidence_pack_v1\exported_masks\COCO_val2014_000000036528\region_A_union_B.png,E:\Bridging\paper2_compositional_evidence_routing\annotation\stage1_ab_evidence_pack_v1\exported_masks\COCO_val2014_000000036528\random_A_size.png,E:\Bridging\paper2_compositional_evidence_routing\annotation\stage1_ab_evidence_pack_v1\exported_masks\COCO_val2014_000000036528\random_B_size.png,E:\Bridging\paper2_compositional_evidence_routing\annotation\stage1_ab_evidence_pack_v1\exported_masks\COCO_val2014_000000036528\random_union_size.png,okvqa_val_00912,COCO_val2014_000000245481.jpg,E:\Bridging\paper2_compositional_evidence_routing\annotation\stage1_ab_evidence_pack_v1\images\COCO_val2014_000000245481.jpg,annotation\okvqa_type_label_round4_400_mobile_package\manifest.csv,localized,medium,needs_region_masks
39,okvqa_val_00912,How do we know there may be a railroad nearby?,sign,COCO_val2014_000000245481.jpg,images/COCO_val2014_000000245481.jpg,E:\Bridging\paper2_compositional_evidence_routing\annotation\stage1_ab_evidence_pack_v1\images\COCO_val2014_000000245481.jpg,E:\Bridging\annotation\okvqa_type_label_round4_400_mobile_package\images\COCO_val2014_000000245481.jpg,local_context_inference,local object evidence,scene/context evidence needed to infer answer,E:\Bridging\paper2_compositional_evidence_routing\annotation\stage1_ab_evidence_pack_v1\exported_masks\COCO_val2014_000000245481,E:\Bridging\paper2_compositional_evidence_routing\annotation\stage1_ab_evidence_pack_v1\exported_masks\COCO_val2014_000000245481\region_A.png,E:\Bridging\paper2_compositional_evidence_routing\annotation\stage1_ab_evidence_pack_v1\exported_masks\COCO_val2014_000000245481\region_B.png,E:\Bridging\paper2_compositional_evidence_routing\annotation\stage1_ab_evidence_pack_v1\exported_masks\COCO_val2014_000000245481\region_A_union_B.png,E:\Bridging\paper2_compositional_evidence_routing\annotation\stage1_ab_evidence_pack_v1\exported_masks\COCO_val2014_000000245481\random_A_size.png,E:\Bridging\paper2_compositional_evidence_routing\annotation\stage1_ab_evidence_pack_v1\exported_masks\COCO_val2014_000000245481\random_B_size.png,E:\Bridging\paper2_compositional_evidence_routing\annotation\stage1_ab_evidence_pack_v1\exported_masks\COCO_val2014_000000245481\random_union_size.png,okvqa_val_01938,COCO_val2014_000000356263.jpg,E:\Bridging\paper2_compositional_evidence_routing\annotation\stage1_ab_evidence_pack_v1\images\COCO_val2014_000000356263.jpg,annotation\okvqa_type_label_round4_400_mobile_package\manifest.csv,localized,medium,needs_region_masks
40,okvqa_val_01938,Name the bike model shown in this picture?,bmw,COCO_val2014_000000356263.jpg,images/COCO_val2014_000000356263.jpg,E:\Bridging\paper2_compositional_evidence_routing\annotation\stage1_ab_evidence_pack_v1\images\COCO_val2014_000000356263.jpg,E:\Bridging\annotation\okvqa_type_label_round4_400_mobile_package\images\COCO_val2014_000000356263.jpg,local_context_inference,local object evidence,scene/context evidence needed to infer answer,E:\Bridging\paper2_compositional_evidence_routing\annotation\stage1_ab_evidence_pack_v1\exported_masks\COCO_val2014_000000356263,E:\Bridging\paper2_compositional_evidence_routing\annotation\stage1_ab_evidence_pack_v1\exported_masks\COCO_val2014_000000356263\region_A.png,E:\Bridging\paper2_compositional_evidence_routing\annotation\stage1_ab_evidence_pack_v1\exported_masks\COCO_val2014_000000356263\region_B.png,E:\Bridging\paper2_compositional_evidence_routing\annotation\stage1_ab_evidence_pack_v1\exported_masks\COCO_val2014_000000356263\region_A_union_B.png,E:\Bridging\paper2_compositional_evidence_routing\annotation\stage1_ab_evidence_pack_v1\exported_masks\COCO_val2014_000000356263\random_A_size.png,E:\Bridging\paper2_compositional_evidence_routing\annotation\stage1_ab_evidence_pack_v1\exported_masks\COCO_val2014_000000356263\random_B_size.png,E:\Bridging\paper2_compositional_evidence_routing\annotation\stage1_ab_evidence_pack_v1\exported_masks\COCO_val2014_000000356263\random_union_size.png,okvqa_val_02108,COCO_val2014_000000160394.jpg,E:\Bridging\paper2_compositional_evidence_routing\annotation\stage1_ab_evidence_pack_v1\images\COCO_val2014_000000160394.jpg,annotation\okvqa_type_label_round4_400_mobile_package\manifest.csv,localized,medium,needs_region_masks
